File,Language,Corpus,Code,Age,Sex,Group,Race,SES,Role,Education,Custom_field,#utterances,#morphemes,morphemes/utterances,Standard deviation
020100.cha,"zho, nan",TCCM,CHI,2;01.,.,.,.,.,Target_Child,.,.,316,602,1.905,1.011
020200.cha,"zho, nan",TCCM,CHI,2;02.,.,.,.,.,Target_Child,.,.,521,1095,2.102,1.06
020300.cha,zho,TCCM,CHI,2;03.,.,.,.,.,Target_Child,.,.,538,1119,2.08,1.249
020400.cha,zho,TCCM,CHI,2;04.,.,.,.,.,Target_Child,.,.,557,1466,2.632,1.605
020500.cha,zho,TCCM,CHI,2;05.,.,.,.,.,Target_Child,.,.,296,766,2.588,1.495
020600.cha,zho,TCCM,CHI,2;06.,.,.,.,.,Target_Child,.,.,243,778,3.202,2.159
020700.cha,zho,TCCM,CHI,2;07.,.,.,.,.,Target_Child,.,.,265,634,2.392,1.553
020800.cha,zho,TCCM,CHI,2;08.,.,.,.,.,Target_Child,.,.,130,248,1.908,1.389
020900.cha,zho,TCCM,CHI,2;09.,.,.,.,.,Target_Child,.,.,261,690,2.644,1.867
021000.cha,zho,TCCM,CHI,2;10.,.,.,.,.,Target_Child,.,.,264,875,3.314,2.04
021100.cha,zho,TCCM,CHI,2;11.,.,.,.,.,Target_Child,.,.,240,664,2.767,1.865
030000.cha,zho,TCCM,CHI,3;00.,.,.,.,.,Target_Child,.,.,262,1020,3.893,2.232
030100.cha,zho,TCCM,CHI,3;01.,.,.,.,.,Target_Child,.,.,283,930,3.286,2.047
030200.cha,zho,TCCM,CHI,3;02.,.,.,.,.,Target_Child,.,.,267,1034,3.873,2.554
030300.cha,zho,TCCM,CHI,3;03.,.,.,.,.,Target_Child,.,.,190,799,4.205,2.69
030400.cha,zho,TCCM,CHI,3;04.,.,.,.,.,Target_Child,.,.,334,1388,4.156,2.625
