Folder,File,IPSyn Score
Braunwald,010511.cha,41
Braunwald,010513.cha,31
Braunwald,010902.cha,57
Braunwald,011019.cha,58
Braunwald,011027.cha,61
Braunwald,011103.cha,67
Braunwald,011109.cha,70
Braunwald,011124.cha,63
Braunwald,020000.cha,60
Braunwald,020212b.cha,67
Braunwald,020218.cha,78
Braunwald,020221.cha,59
Braunwald,020227.cha,71
Braunwald,020300a.cha,77
Braunwald,020411.cha,68
Braunwald,020424.cha,70
Braunwald,020501.cha,68
Braunwald,020502.cha,66
Braunwald,020526.cha,76
Braunwald,020610.cha,82
Braunwald,020624.cha,85
Braunwald,020710.cha,74
Braunwald,020811.cha,78
Braunwald,020819.cha,86
Braunwald,030008.cha,72
Braunwald,030125a.cha,85
Braunwald,030125b.cha,98
Braunwald,030128.cha,87
Braunwald,030311.cha,91
Braunwald,030324.cha,82
Braunwald,030423.cha,85
Braunwald,030528a.cha,89
Braunwald,030528b.cha,85
Braunwald,030528d.cha,87
Braunwald,030528e.cha,84
Braunwald,030616.cha,83
Braunwald,030617.cha,82
Braunwald,030618a.cha,90
Braunwald,030619.cha,90
Braunwald,030627b.cha,97
Braunwald,030700.cha,80
Braunwald,030702d.cha,88
Braunwald,031117.cha,91
Braunwald,040307a.cha,92
Braunwald,040311c.cha,84
Braunwald,040718c.cha,88
Braunwald,041000.cha,83
Braunwald,051013.cha,93
Braunwald,060417.cha,92
Braunwald,070014.cha,96
