Folder,File,IPSyn Score
Braunwald,010510.cha,9
Braunwald,010511.cha,17
Braunwald,010513.cha,16
Braunwald,010522.cha,13
Braunwald,010603.cha,10
Braunwald,010607.cha,12
Braunwald,010614a.cha,13
Braunwald,010619.cha,9
Braunwald,010627.cha,19
Braunwald,010705.cha,20
Braunwald,010707.cha,15
Braunwald,010708.cha,21
Braunwald,010717.cha,21
Braunwald,010721.cha,24
Braunwald,010725.cha,22
Braunwald,010819.cha,24
Braunwald,010824.cha,43
Braunwald,010902.cha,26
Braunwald,011000.cha,24
Braunwald,011008.cha,27
Braunwald,011010.cha,28
Braunwald,011019.cha,22
Braunwald,011020.cha,28
Braunwald,011027.cha,30
Braunwald,011103.cha,33
Braunwald,011109.cha,35
Braunwald,011113.cha,36
Braunwald,011116.cha,33
Braunwald,011124.cha,24
Braunwald,011125.cha,39
Braunwald,011126.cha,35
Braunwald,020000.cha,20
Braunwald,020010.cha,31
Braunwald,020110.cha,37
Braunwald,020119.cha,42
Braunwald,020120.cha,29
Braunwald,020126.cha,21
Braunwald,020128.cha,31
Braunwald,020200.cha,38
Braunwald,020203.cha,32
Braunwald,020212b.cha,35
Braunwald,020215.cha,40
Braunwald,020218.cha,42
Braunwald,020221.cha,27
Braunwald,020226.cha,33
Braunwald,020227.cha,37
Braunwald,020300.cha,30
Braunwald,020300a.cha,42
Braunwald,020300b.cha,44
Braunwald,020305.cha,31
Braunwald,020312.cha,34
Braunwald,020313.cha,27
Braunwald,020323.cha,32
Braunwald,020330.cha,39
Braunwald,020405.cha,34
Braunwald,020406.cha,33
Braunwald,020411.cha,32
Braunwald,020423.cha,39
Braunwald,020424.cha,27
Braunwald,020501.cha,34
Braunwald,020502.cha,40
Braunwald,020526.cha,40
Braunwald,020530.cha,29
Braunwald,020610.cha,49
Braunwald,020615.cha,42
Braunwald,020616.cha,41
Braunwald,020621.cha,41
Braunwald,020624.cha,53
Braunwald,020708.cha,33
Braunwald,020710.cha,38
Braunwald,020811.cha,38
Braunwald,020814.cha,43
Braunwald,020819.cha,56
Braunwald,030006.cha,36
Braunwald,030008.cha,44
Braunwald,030009.cha,43
Braunwald,030022.cha,36
Braunwald,030125a.cha,53
Braunwald,030125b.cha,61
Braunwald,030128.cha,50
Braunwald,030311.cha,54
Braunwald,030316a.cha,46
Braunwald,030324.cha,52
Braunwald,030422.cha,41
Braunwald,030423.cha,39
Braunwald,030528a.cha,48
Braunwald,030528b.cha,46
Braunwald,030528d.cha,51
Braunwald,030528e.cha,47
Braunwald,030616.cha,44
Braunwald,030617.cha,53
Braunwald,030618a.cha,46
Braunwald,030619.cha,48
Braunwald,030627b.cha,66
Braunwald,030700.cha,52
Braunwald,030702d.cha,46
Braunwald,031117.cha,49
Braunwald,040211b.cha,52
Braunwald,040307a.cha,64
Braunwald,040311b.cha,59
Braunwald,040311c.cha,43
Braunwald,040711a.cha,53
Braunwald,040711d.cha,50
Braunwald,040718c.cha,51
Braunwald,040718d.cha,46
Braunwald,041000.cha,51
Braunwald,051013.cha,57
Braunwald,060417.cha,65
Braunwald,060503.cha,61
Braunwald,070014.cha,51
