File,Language,Corpus,Code,Age,Sex,Group,Race,SES,Role,Education,Custom_field,#utterances,#morphemes,morphemes/utterances,Standard deviation
010510.cha,eng,Braunwald,CHI,1;05.10,female,.,.,.,Target_Child,.,.,136,155,1.14,0.405
010511.cha,eng,Braunwald,CHI,1;05.11,female,.,.,.,Target_Child,.,.,172,200,1.163,0.503
010512.cha,eng,Braunwald,CHI,1;05.12,female,.,.,.,Target_Child,.,.,14,17,1.214,0.41
010513.cha,eng,Braunwald,CHI,1;05.13,female,.,.,.,Target_Child,.,.,198,228,1.152,0.458
010514.cha,eng,Braunwald,CHI,1;05.14,female,.,.,.,Target_Child,.,.,48,48,1,0
010519.cha,eng,Braunwald,CHI,1;05.19,female,.,.,.,Target_Child,.,.,26,27,1.038,0.192
010522.cha,eng,Braunwald,CHI,1;05.22,female,.,.,.,Target_Child,.,.,117,146,1.248,0.538
010528.cha,eng,Braunwald,CHI,1;05.28,female,.,.,.,Target_Child,.,.,71,83,1.169,0.411
010600a.cha,eng,Braunwald,CHI,1;06.00,female,.,.,.,Target_Child,.,.,21,27,1.286,0.881
010600b.cha,eng,Braunwald,CHI,1;06.00,female,.,.,.,Target_Child,.,.,45,57,1.267,0.442
010602.cha,eng,Braunwald,CHI,1;06.02,female,.,.,.,Target_Child,.,.,72,84,1.167,0.441
010603.cha,eng,Braunwald,CHI,1;06.03,female,.,.,.,Target_Child,.,.,152,176,1.158,0.415
010604a.cha,eng,Braunwald,CHI,1;06.04,female,.,.,.,Target_Child,.,.,75,97,1.293,0.484
010604b.cha,eng,Braunwald,CHI,1;06.04,female,.,.,.,Target_Child,.,.,61,88,1.443,0.878
010605.cha,eng,Braunwald,CHI,1;06.05,female,.,.,.,Target_Child,.,.,52,56,1.077,0.266
010607.cha,eng,Braunwald,CHI,1;06.07,female,.,.,.,Target_Child,.,.,93,120,1.29,0.632
010614a.cha,eng,Braunwald,CHI,1;06.14,female,.,.,.,Target_Child,.,.,97,120,1.237,0.67
010614b.cha,eng,Braunwald,CHI,1;06.14,female,.,.,.,Target_Child,.,.,23,25,1.087,0.282
010615.cha,eng,Braunwald,CHI,1;06.15,female,.,.,.,Target_Child,.,.,56,78,1.393,1.08
010616a.cha,eng,Braunwald,CHI,1;06.16,female,.,.,.,Target_Child,.,.,8,18,2.25,1.199
010616b.cha,eng,Braunwald,CHI,1;06.16,female,.,.,.,Target_Child,.,.,33,45,1.364,0.771
010619.cha,eng,Braunwald,CHI,1;06.19,female,.,.,.,Target_Child,.,.,94,106,1.128,0.364
010621.cha,eng,Braunwald,CHI,1;06.21,female,.,.,.,Target_Child,.,.,71,86,1.211,0.528
010627.cha,eng,Braunwald,CHI,1;06.27,female,.,.,.,Target_Child,.,.,99,139,1.404,0.79
010628.cha,eng,Braunwald,CHI,1;06.28,female,.,.,.,Target_Child,.,.,26,31,1.192,0.394
010629.cha,eng,Braunwald,CHI,1;06.29,female,.,.,.,Target_Child,.,.,4,4,1,0
010705.cha,eng,Braunwald,CHI,1;07.05,female,.,.,.,Target_Child,.,.,112,145,1.295,0.69
010706.cha,eng,Braunwald,CHI,1;07.06,female,.,.,.,Target_Child,.,.,9,10,1.111,0.314
010707.cha,eng,Braunwald,CHI,1;07.07,female,.,.,.,Target_Child,.,.,77,118,1.532,0.92
010708.cha,eng,Braunwald,CHI,1;07.08,female,.,.,.,Target_Child,.,.,105,170,1.619,0.797
010717.cha,eng,Braunwald,CHI,1;07.17,female,.,.,.,Target_Child,.,.,74,110,1.486,0.775
010719.cha,eng,Braunwald,CHI,1;07.19,female,.,.,.,Target_Child,.,.,58,86,1.483,0.771
010720.cha,eng,Braunwald,CHI,1;07.20,female,.,.,.,Target_Child,.,.,44,80,1.818,1.113
010721.cha,eng,Braunwald,CHI,1;07.21,female,.,.,.,Target_Child,.,.,78,165,2.115,1.311
010725.cha,eng,Braunwald,CHI,1;07.25,female,.,.,.,Target_Child,.,.,74,113,1.527,0.757
010819.cha,eng,Braunwald,CHI,1;08.19,female,.,.,.,Target_Child,.,.,105,204,1.943,1.271
010824.cha,eng,Braunwald,CHI,1;08.24,female,.,.,.,Target_Child,.,.,95,192,2.021,2.147
010902.cha,eng,Braunwald,CHI,1;09.02,female,.,.,.,Target_Child,.,.,330,675,2.045,1.131
010905.cha,eng,Braunwald,CHI,1;09.05,female,.,.,.,Target_Child,.,.,27,48,1.778,1.066
010906.cha,eng,Braunwald,CHI,1;09.06,female,.,.,.,Target_Child,.,.,44,86,1.955,0.878
010916.cha,eng,Braunwald,CHI,1;09.16,female,.,.,.,Target_Child,.,.,32,50,1.563,0.864
011000.cha,eng,Braunwald,CHI,1;10.00,female,.,.,.,Target_Child,.,.,86,154,1.791,0.851
011008.cha,eng,Braunwald,CHI,1;10.08,female,.,.,.,Target_Child,.,.,119,224,1.882,1.154
011009.cha,eng,Braunwald,CHI,1;10.09,female,.,.,.,Target_Child,.,.,14,28,2,1.464
011010.cha,eng,Braunwald,CHI,1;10.10,female,.,.,.,Target_Child,.,.,81,153,1.889,1.077
011014.cha,eng,Braunwald,CHI,1;10.14,female,.,.,.,Target_Child,.,.,4,12,3,1.225
011019.cha,eng,Braunwald,CHI,1;10.19,female,.,.,.,Target_Child,.,.,160,289,1.806,1.069
011020.cha,eng,Braunwald,CHI,1;10.20,female,.,.,.,Target_Child,.,.,84,174,2.071,1.242
011023.cha,eng,Braunwald,CHI,1;10.23,female,.,.,.,Target_Child,.,.,48,97,2.021,1.266
011024.cha,eng,Braunwald,CHI,1;10.24,female,.,.,.,Target_Child,.,.,15,38,2.533,0.957
011027.cha,eng,Braunwald,CHI,1;10.27,female,.,.,.,Target_Child,.,.,140,267,1.907,1.041
011103.cha,eng,Braunwald,CHI,1;11.03,female,.,.,.,Target_Child,.,.,132,289,2.189,1.377
011109.cha,eng,Braunwald,CHI,1;11.09,female,.,.,.,Target_Child,.,.,187,475,2.54,1.586
011113.cha,eng,Braunwald,CHI,1;11.13,female,.,.,.,Target_Child,.,.,96,218,2.271,1.396
011116.cha,eng,Braunwald,CHI,1;11.16,female,.,.,.,Target_Child,.,.,104,269,2.587,1.615
011118.cha,eng,Braunwald,CHI,1;11.18,female,.,.,.,Target_Child,.,.,22,69,3.136,1.575
011124.cha,eng,Braunwald,CHI,1;11.24,female,.,.,.,Target_Child,.,.,121,299,2.471,1.33
011125.cha,eng,Braunwald,CHI,1;11.25,female,.,.,.,Target_Child,.,.,61,152,2.492,1.111
011126.cha,eng,Braunwald,CHI,1;11.26,female,.,.,.,Target_Child,.,.,84,208,2.476,1.577
011130a.cha,eng,Braunwald,CHI,1;11.30,female,.,.,.,Target_Child,.,.,33,80,2.424,1.393
011130b.cha,eng,Braunwald,CHI,1;11.30,female,.,.,.,Target_Child,.,.,48,110,2.292,1.645
020000.cha,eng,Braunwald,CHI,2;00.00,female,.,.,.,Target_Child,.,.,116,286,2.466,1.374
020010.cha,eng,Braunwald,CHI,2;00.10,female,.,.,.,Target_Child,.,.,44,117,2.659,1.476
020017.cha,eng,Braunwald,CHI,2;00.17,female,.,.,.,Target_Child,.,.,35,69,1.971,1.276
020023.cha,eng,Braunwald,CHI,2;00.23,female,.,.,.,Target_Child,.,.,46,101,2.196,1.296
020024.cha,eng,Braunwald,CHI,2;00.24,female,.,.,.,Target_Child,.,.,36,74,2.056,1.177
020110.cha,eng,Braunwald,CHI,2;01.10,female,.,.,.,Target_Child,.,.,66,150,2.273,1.619
020113.cha,eng,Braunwald,CHI,2;01.13,female,.,.,.,Target_Child,.,.,43,100,2.326,1.458
020115.cha,eng,Braunwald,CHI,2;01.15,female,.,.,.,Target_Child,.,.,42,90,2.143,1.373
020119.cha,eng,Braunwald,CHI,2;01.19,female,.,.,.,Target_Child,.,.,57,182,3.193,2.106
020120.cha,eng,Braunwald,CHI,2;01.20,female,.,.,.,Target_Child,.,.,93,206,2.215,1.172
020121.cha,eng,Braunwald,CHI,2;01.21,female,.,.,.,Target_Child,.,.,53,97,1.83,1.411
020122.cha,eng,Braunwald,CHI,2;01.22,female,.,.,.,Target_Child,.,.,35,91,2.6,1.792
020124.cha,eng,Braunwald,CHI,2;01.24,female,.,.,.,Target_Child,.,.,59,104,1.763,1.212
020126.cha,eng,Braunwald,CHI,2;01.26,female,.,.,.,Target_Child,.,.,70,114,1.629,1.017
020128.cha,eng,Braunwald,CHI,2;01.28,female,.,.,.,Target_Child,.,.,139,312,2.245,1.493
020129.cha,eng,Braunwald,CHI,2;01.29,female,.,.,.,Target_Child,.,.,38,100,2.632,2.344
020200.cha,eng,Braunwald,CHI,2;02.00,female,.,.,.,Target_Child,.,.,79,183,2.316,1.497
020203.cha,eng,Braunwald,CHI,2;02.03,female,.,.,.,Target_Child,.,.,100,261,2.61,1.72
020212a.cha,eng,Braunwald,CHI,2;02.12,female,.,.,.,Target_Child,.,.,49,124,2.531,2.071
020212b.cha,eng,Braunwald,CHI,2;02.12,female,.,.,.,Target_Child,.,.,117,276,2.359,1.598
020215.cha,eng,Braunwald,CHI,2;02.15,female,.,.,.,Target_Child,.,.,54,158,2.926,1.741
020217.cha,eng,Braunwald,CHI,2;02.17,female,.,.,.,Target_Child,.,.,7,23,3.286,3.692
020218.cha,eng,Braunwald,CHI,2;02.18,female,.,.,.,Target_Child,.,.,180,425,2.361,1.957
020221.cha,eng,Braunwald,CHI,2;02.21,female,.,.,.,Target_Child,.,.,482,1027,2.131,1.461
020223.cha,eng,Braunwald,CHI,2;02.23,female,.,.,.,Target_Child,.,.,33,78,2.364,1.123
020224.cha,eng,Braunwald,CHI,2;02.24,female,.,.,.,Target_Child,.,.,20,53,2.65,1.492
020225.cha,eng,Braunwald,CHI,2;02.25,female,.,.,.,Target_Child,.,.,19,33,1.737,0.965
020226.cha,eng,Braunwald,CHI,2;02.26,female,.,.,.,Target_Child,.,.,83,265,3.193,2.203
020227.cha,eng,Braunwald,CHI,2;02.27,female,.,.,.,Target_Child,.,.,166,417,2.512,1.678
020228.cha,eng,Braunwald,CHI,2;02.28,female,.,.,.,Target_Child,.,.,44,98,2.227,1.184
020300.cha,eng,Braunwald,CHI,2;03.00,female,.,.,.,Target_Child,.,.,57,123,2.158,1.673
020300a.cha,eng,Braunwald,CHI,2;03.,female,.,.,.,Target_Child,.,.,376,1087,2.891,1.901
020300b.cha,eng,Braunwald,CHI,2;03.,female,.,.,.,Target_Child,.,.,67,197,2.94,1.931
020305.cha,eng,Braunwald,CHI,2;03.05,female,.,.,.,Target_Child,.,.,90,170,1.889,1.187
020306.cha,eng,Braunwald,CHI,2;03.06,female,.,.,.,Target_Child,.,.,24,49,2.042,1.06
020308.cha,eng,Braunwald,CHI,2;03.08,female,.,.,.,Target_Child,.,.,22,61,2.773,1.594
020311.cha,eng,Braunwald,CHI,2;03.11,female,.,.,.,Target_Child,.,.,34,78,2.294,1.383
020312.cha,eng,Braunwald,CHI,2;03.12,female,.,.,.,Target_Child,.,.,59,146,2.475,1.899
020313.cha,eng,Braunwald,CHI,2;03.13,female,.,.,.,Target_Child,.,.,81,208,2.568,1.692
020323.cha,eng,Braunwald,CHI,2;03.23,female,.,.,.,Target_Child,.,.,99,223,2.253,1.604
020330.cha,eng,Braunwald,CHI,2;03.30,female,.,.,.,Target_Child,.,.,97,255,2.629,1.949
020405.cha,eng,Braunwald,CHI,2;04.05,female,.,.,.,Target_Child,.,.,89,209,2.348,1.723
020406.cha,eng,Braunwald,CHI,2;04.06,female,.,.,.,Target_Child,.,.,96,246,2.563,1.737
020411.cha,eng,Braunwald,CHI,2;04.11,female,.,.,.,Target_Child,.,.,126,346,2.746,1.732
020416.cha,eng,Braunwald,CHI,2;04.16,female,.,.,.,Target_Child,.,.,40,78,1.95,1.284
020423.cha,eng,Braunwald,CHI,2;04.23,female,.,.,.,Target_Child,.,.,87,205,2.356,1.583
020424.cha,eng,Braunwald,CHI,2;04.24,female,.,.,.,Target_Child,.,.,137,308,2.248,1.371
020426.cha,eng,Braunwald,CHI,2;04.26,female,.,.,.,Target_Child,.,.,15,37,2.467,1.087
020501.cha,eng,Braunwald,CHI,2;05.01,female,.,.,.,Target_Child,.,.,106,273,2.575,1.631
020502.cha,eng,Braunwald,CHI,2;05.02,female,.,.,.,Target_Child,.,.,150,361,2.407,1.537
020526.cha,eng,Braunwald,CHI,2;05.26,female,.,.,.,Target_Child,.,.,96,252,2.625,1.839
020530.cha,eng,Braunwald,CHI,2;05.30,female,.,.,.,Target_Child,.,.,137,281,2.051,1.462
020603.cha,eng,Braunwald,CHI,2;06.03,female,.,.,.,Target_Child,.,.,55,111,2.018,1.578
020604.cha,eng,Braunwald,CHI,2;06.04,female,.,.,.,Target_Child,.,.,33,89,2.697,2.11
020606.cha,eng,Braunwald,CHI,2;06.06,female,.,.,.,Target_Child,.,.,51,115,2.255,1.467
020607.cha,eng,Braunwald,CHI,2;06.07,female,.,.,.,Target_Child,.,.,39,86,2.205,1.814
020610.cha,eng,Braunwald,CHI,2;06.10,female,.,.,.,Target_Child,.,.,219,589,2.689,1.98
020615.cha,eng,Braunwald,CHI,2;06.15,female,.,.,.,Target_Child,.,.,65,177,2.723,2.012
020616.cha,eng,Braunwald,CHI,2;06.16,female,.,.,.,Target_Child,.,.,81,218,2.691,1.83
020621.cha,eng,Braunwald,CHI,2;06.21,female,.,.,.,Target_Child,.,.,78,192,2.462,1.985
020623.cha,eng,Braunwald,CHI,2;06.23,female,.,.,.,Target_Child,.,.,50,155,3.1,2.175
020624.cha,eng,Braunwald,CHI,2;06.24,female,.,.,.,Target_Child,.,.,192,638,3.323,2.689
020708.cha,eng,Braunwald,CHI,2;07.08,female,.,.,.,Target_Child,.,.,108,270,2.5,1.602
020710.cha,eng,Braunwald,CHI,2;07.10,female,.,.,.,Target_Child,.,.,131,356,2.718,1.757
020811.cha,eng,Braunwald,CHI,2;08.11,female,.,.,.,Target_Child,.,.,128,385,3.008,1.743
020814.cha,eng,Braunwald,CHI,2;08.14,female,.,.,.,Target_Child,.,.,91,258,2.835,1.787
020819.cha,eng,Braunwald,CHI,2;08.19,female,.,.,.,Target_Child,.,.,259,835,3.224,2.2
030000.cha,eng,Braunwald,CHI,3;00.00,female,.,.,.,Target_Child,.,.,12,47,3.917,1.382
030001.cha,eng,Braunwald,CHI,3;00.01,female,.,.,.,Target_Child,.,.,17,58,3.412,2.277
030006.cha,eng,Braunwald,CHI,3;00.06,female,.,.,.,Target_Child,.,.,39,112,2.872,2.409
030007.cha,eng,Braunwald,CHI,3;00.07,female,.,.,.,Target_Child,.,.,2,5,2.5,0.5
030008.cha,eng,Braunwald,CHI,3;00.08,female,.,.,.,Target_Child,.,.,152,399,2.625,2.089
030009.cha,eng,Braunwald,CHI,3;00.09,female,.,.,.,Target_Child,.,.,62,181,2.919,1.912
030010.cha,eng,Braunwald,CHI,3;00.10,female,.,.,.,Target_Child,.,.,5,9,1.8,0.98
030018.cha,eng,Braunwald,CHI,3;00.18,female,.,.,.,Target_Child,.,.,54,147,2.722,2.289
030019.cha,eng,Braunwald,CHI,3;00.19,female,.,.,.,Target_Child,.,.,15,32,2.133,1.258
030022.cha,eng,Braunwald,CHI,3;00.22,female,.,.,.,Target_Child,.,.,90,216,2.4,1.806
030113.cha,eng,Braunwald,CHI,3;01.13,female,.,.,.,Target_Child,.,.,34,155,4.559,3.449
030125a.cha,eng,Braunwald,CHI,3;01.25,female,.,.,.,Target_Child,.,.,205,619,3.02,2.339
030125b.cha,eng,Braunwald,CHI,3;01.25,female,.,.,.,Target_Child,.,.,208,684,3.288,2.659
030128.cha,eng,Braunwald,CHI,3;01.28,female,.,.,.,Target_Child,.,.,172,507,2.948,2.021
030311.cha,eng,Braunwald,CHI,3;03.11,female,.,.,.,Target_Child,.,.,418,1357,3.246,2.716
030316a.cha,eng,Braunwald,CHI,3;03.16,female,.,.,.,Target_Child,.,.,100,307,3.07,2.562
030316b.cha,eng,Braunwald,CHI,3;03.16,female,.,.,.,Target_Child,.,.,64,104,1.625,1.398
030324.cha,eng,Braunwald,CHI,3;03.24,female,.,.,.,Target_Child,.,.,152,391,2.572,2.151
030422.cha,eng,Braunwald,CHI,3;04.22,female,.,.,.,Target_Child,.,.,87,216,2.483,2.022
030423.cha,eng,Braunwald,CHI,3;04.23,female,.,.,.,Target_Child,.,.,127,398,3.134,2.009
030528a.cha,eng,Braunwald,CHI,3;05.28,female,.,.,.,Target_Child,.,.,146,317,2.171,2.231
030528b.cha,eng,Braunwald,CHI,3;05.28,female,.,.,.,Target_Child,.,.,308,933,3.029,2.442
030528c.cha,eng,Braunwald,CHI,3;05.28,female,.,.,.,Target_Child,.,.,44,157,3.568,2.7
030528d.cha,eng,Braunwald,CHI,3;05.28,female,.,.,.,Target_Child,.,.,558,2087,3.74,2.935
030528e.cha,eng,Braunwald,CHI,3;05.28,female,.,.,.,Target_Child,.,.,578,1937,3.351,2.7
030616.cha,eng,Braunwald,CHI,3;06.16,female,.,.,.,Target_Child,.,.,175,617,3.526,2.514
030617.cha,eng,Braunwald,CHI,3;06.17,female,.,.,.,Target_Child,.,.,116,476,4.103,2.762
030618a.cha,eng,Braunwald,CHI,3;06.18,female,.,.,.,Target_Child,.,.,429,1302,3.035,2.417
030618b.cha,eng,Braunwald,CHI,3;06.18,female,.,.,.,Target_Child,.,.,44,101,2.295,1.289
030619.cha,eng,Braunwald,CHI,3;06.19,female,.,.,.,Target_Child,.,.,447,1242,2.779,2.126
030621.cha,eng,Braunwald,CHI,3;06.21,female,.,.,.,Target_Child,.,.,25,81,3.24,3.603
030622.cha,eng,Braunwald,CHI,3;06.22,female,.,.,.,Target_Child,.,.,44,118,2.682,2.254
030623.cha,eng,Braunwald,CHI,3;06.23,female,.,.,.,Target_Child,.,.,30,115,3.833,3.246
030627a.cha,eng,Braunwald,CHI,3;06.27,female,.,.,.,Target_Child,.,.,38,93,2.447,1.551
030627b.cha,eng,Braunwald,CHI,3;06.27,female,.,.,.,Target_Child,.,.,263,1074,4.084,3.697
030628.cha,eng,Braunwald,CHI,3;06.28,female,.,.,.,Target_Child,.,.,4,13,3.25,2.278
030700.cha,eng,Braunwald,CHI,3;07.00,female,.,.,.,Target_Child,.,.,277,920,3.321,2.473
030702a.cha,eng,Braunwald,CHI,3;07.02,female,.,.,.,Target_Child,.,.,36,127,3.528,2.619
030702b.cha,eng,Braunwald,CHI,3;07.02,female,.,.,.,Target_Child,.,.,2,2,1,0
030702c.cha,eng,Braunwald,CHI,3;07.02,female,.,.,.,Target_Child,.,.,4,14,3.5,1.118
030702d.cha,eng,Braunwald,CHI,3;07.02,female,.,.,.,Target_Child,.,.,125,441,3.528,2.156
030702e.cha,eng,Braunwald,CHI,3;07.02,female,.,.,.,Target_Child,.,.,32,139,4.344,3.217
030702f.cha,eng,Braunwald,CHI,3;07.02,female,.,.,.,Target_Child,.,.,31,124,4,3.681
030702g.cha,eng,Braunwald,CHI,3;07.02,female,.,.,.,Target_Child,.,.,19,72,3.789,2.238
031117.cha,eng,Braunwald,CHI,3;11.17,female,.,.,.,Target_Child,.,.,120,429,3.575,2.496
040211a.cha,eng,Braunwald,CHI,4;02.11,female,.,.,.,Target_Child,.,.,20,86,4.3,2.452
040211b.cha,eng,Braunwald,CHI,4;02.11,female,.,.,.,Target_Child,.,.,100,355,3.55,2.854
040214.cha,eng,Braunwald,CHI,4;02.14,female,.,.,.,Target_Child,.,.,68,150,2.206,2.104
040217.cha,eng,Braunwald,CHI,4;02.17,female,.,.,.,Target_Child,.,.,38,159,4.184,3.102
040229a.cha,eng,Braunwald,CHI,4;02.29,female,.,.,.,Target_Child,.,.,6,6,1,0
040229b.cha,eng,Braunwald,CHI,4;02.29,female,.,.,.,Target_Child,.,.,23,76,3.304,2.115
040301a.cha,eng,Braunwald,CHI,4;03.01,female,.,.,.,Target_Child,.,.,23,74,3.217,2.57
040301b.cha,eng,Braunwald,CHI,4;03.01,female,.,.,.,Target_Child,.,.,13,14,1.077,0.266
040307a.cha,eng,Braunwald,CHI,4;03.07,female,.,.,.,Target_Child,.,.,129,437,3.388,2.766
040307b.cha,eng,Braunwald,CHI,4;03.07,female,.,.,.,Target_Child,.,.,43,129,3,2.524
040311a.cha,eng,Braunwald,CHI,4;03.11,female,.,.,.,Target_Child,.,.,24,84,3.5,2.517
040311b.cha,eng,Braunwald,CHI,4;03.11,female,.,.,.,Target_Child,.,.,97,355,3.66,3.255
040311c.cha,eng,Braunwald,CHI,4;03.11,female,.,.,.,Target_Child,.,.,235,716,3.047,2.369
040711a.cha,eng,Braunwald,CHI,4;07.11,female,.,.,.,Target_Child,.,.,65,244,3.754,3.059
040711b.cha,eng,Braunwald,CHI,4;07.11,female,.,.,.,Target_Child,.,.,6,19,3.167,3.184
040711c.cha,eng,Braunwald,CHI,4;07.11,female,.,.,.,Target_Child,.,.,10,37,3.7,3.288
040711d.cha,eng,Braunwald,CHI,4;07.11,female,.,.,.,Target_Child,.,.,51,182,3.569,2.629
040718a.cha,eng,Braunwald,CHI,4;07.18,female,.,.,.,Target_Child,.,.,7,13,1.857,1.355
040718b.cha,eng,Braunwald,CHI,4;07.18,female,.,.,.,Target_Child,.,.,2,12,6,0
040718c.cha,eng,Braunwald,CHI,4;07.18,female,.,.,.,Target_Child,.,.,170,596,3.506,2.776
040718d.cha,eng,Braunwald,CHI,4;07.18,female,.,.,.,Target_Child,.,.,85,239,2.812,2.354
040718e.cha,eng,Braunwald,CHI,4;07.18,female,.,.,.,Target_Child,.,.,4,12,3,2.345
041000.cha,eng,Braunwald,CHI,4;10.,female,.,.,.,Target_Child,.,.,821,2512,3.06,2.702
051013.cha,eng,Braunwald,CHI,5;10.13,female,.,.,.,Target_Child,.,.,112,454,4.054,3.433
060417.cha,eng,Braunwald,CHI,6;04.17,female,.,.,.,Target_Child,.,.,308,1260,4.091,3.719
060503.cha,eng,Braunwald,CHI,6;05.03,female,.,.,.,Target_Child,.,.,44,261,5.932,5.614
070014.cha,eng,Braunwald,CHI,7;00.14,female,.,.,.,Target_Child,.,.,170,541,3.182,2.715
