File,Most Common Function Words,Function Word Proportion
01.ipcore.cex,"[('prep', 3), ('conj', 1)]",0.025806451612903226
02.ipcore.cex,[],0.0
03.ipcore.cex,"[('prep', 2)]",0.013888888888888888
04.ipcore.cex,"[('prep', 3), ('conj', 1)]",0.024242424242424242
05.ipcore.cex,"[('conj', 1)]",0.006134969325153374
06.ipcore.cex,[],0.0
07.ipcore.cex,[],0
08.ipcore.cex,[],0
09.ipcore.cex,[],0
10.ipcore.cex,[],0
11.ipcore.cex,"[('prep', 1), ('conj', 1)]",0.012269938650306749
12.ipcore.cex,"[('conj', 1), ('prep', 1)]",0.0125
13.ipcore.cex,"[('prep', 3)]",0.016129032258064516
14.ipcore.cex,"[('prep', 3)]",0.017964071856287425
15.ipcore.cex,"[('prep', 5), ('conj', 2)]",0.037037037037037035
16.ipcore.cex,"[('prep', 1)]",0.006172839506172839
17.ipcore.cex,"[('prep', 3), ('conj', 1)]",0.024691358024691357
18.ipcore.cex,"[('conj', 1), ('prep', 1)]",0.011494252873563218
19.ipcore.cex,"[('prep', 4)]",0.022598870056497175
20.ipcore.cex,"[('prep', 2)]",0.01098901098901099
21.ipcore.cex,"[('prep', 3)]",0.016304347826086956
22.ipcore.cex,"[('prep', 1)]",0.005494505494505495
23.ipcore.cex,"[('prep', 3)]",0.01675977653631285
24.ipcore.cex,"[('conj', 8), ('prep', 6)]",0.0782122905027933
25.ipcore.cex,"[('prep', 5), ('conj', 1)]",0.032432432432432434
