File,Language,Corpus,Code,Age,Sex,Group,Race,SES,Role,Education,Custom_field,#utterances,#morphemes,morphemes/utterances,Standard deviation
01.cha,zho,Erbaugh,CHI,1;09.28,male,.,.,.,Target_Child,.,.,402,852,2.119,1.308
02.cha,zho,Erbaugh,CHI,1;10.20,male,.,.,.,Target_Child,.,.,212,380,1.792,1.195
02.cha,zho,Erbaugh,CHI2,.,female,.,.,.,Child,.,.,125,530,4.24,2.211
03.cha,zho,Erbaugh,CHI,1;11.04,male,.,.,.,Target_Child,.,.,231,413,1.788,1.021
04.cha,zho,Erbaugh,CHI,1;11.08,male,.,.,.,Target_Child,.,.,259,599,2.313,1.347
04.cha,zho,Erbaugh,CHI2,.,female,.,.,.,Child,.,.,70,321,4.586,2.252
05.cha,zho,Erbaugh,CHI,2;00.08,male,.,.,.,Target_Child,.,.,412,864,2.097,1.209
05.cha,zho,Erbaugh,CHI2,.,female,.,.,.,Child,.,.,80,362,4.525,2.23
06.cha,zho,Erbaugh,CHI,2;00.21,female,.,.,.,Target_Child,.,.,518,1186,2.29,1.417
07.cha,zho,Erbaugh,CHI1,2;01.06,female,.,.,.,Target_Child,.,.,382,873,2.285,1.46
07.cha,zho,Erbaugh,CHI2,.,female,.,.,.,Child,.,.,208,706,3.394,2.016
08.cha,zho,Erbaugh,CHI1,2;01.20,female,.,.,.,Target_Child,.,.,200,385,1.925,1.162
08.cha,zho,Erbaugh,CHI2,.,female,.,.,.,Child,.,.,231,886,3.835,1.911
09.cha,zho,Erbaugh,CHI1,2;02.05,female,.,.,.,Target_Child,.,.,214,632,2.953,1.648
09.cha,zho,Erbaugh,CHI2,.,female,.,.,.,Child,.,.,151,534,3.536,1.894
10.cha,zho,Erbaugh,CHI1,2;02.22,female,.,.,.,Target_Child,.,.,270,572,2.119,1.347
10.cha,zho,Erbaugh,CHI2,.,female,.,.,.,Child,.,.,58,219,3.776,1.857
11.cha,zho,Erbaugh,CHI,2;03.07,female,.,.,.,Target_Child,.,.,223,567,2.543,1.598
12.cha,zho,Erbaugh,CHI,2;05.06,female,.,.,.,Target_Child,.,.,187,427,2.283,1.312
13.cha,zho,Erbaugh,CHI,2;05.06,female,.,.,.,Target_Child,.,.,196,551,2.811,1.591
14.cha,zho,Erbaugh,CHI,2;05.19,female,.,.,.,Target_Child,.,.,200,512,2.56,1.492
15.cha,zho,Erbaugh,CHI,2;06.09,female,.,.,.,Target_Child,.,.,188,494,2.628,1.618
16.cha,zho,Erbaugh,CHI,2;06.23,female,.,.,.,Target_Child,.,.,288,772,2.681,1.841
17.cha,zho,Erbaugh,CHI,2;07.07,female,.,.,.,Target_Child,.,.,228,589,2.583,1.851
18.cha,zho,Erbaugh,CHI,2;07.18,female,.,.,.,Target_Child,.,.,278,839,3.018,1.836
19.cha,zho,Erbaugh,CHI,2;08.04,female,.,.,.,Target_Child,.,.,439,1574,3.585,1.969
20.cha,zho,Erbaugh,CHI,2;08.22,female,.,.,.,Target_Child,.,.,311,1365,4.389,3.253
21.cha,zho,Erbaugh,CHI,2;09.23,male,.,.,.,Target_Child,.,.,437,1425,3.261,1.984
22.cha,zho,Erbaugh,CHI,2;10.06,male,.,.,.,Target_Child,.,.,669,2323,3.472,2.317
23.cha,zho,Erbaugh,CHI,2;10.12,male,.,.,.,Target_Child,.,.,659,2168,3.29,2.16
24.cha,zho,Erbaugh,CHI,2;11.03,male,.,.,.,Target_Child,.,.,580,2029,3.498,2.267
25.cha,zho,Erbaugh,CHI,2;11.17,male,.,.,.,Target_Child,.,.,345,1471,4.264,2.424
