Folder,File,IPSyn Score
Clark,020216.cha,24
Clark,020223.cha,33
Clark,020302.cha,46
Clark,020316.cha,42
Clark,020321.cha,47
Clark,020328.cha,40
Clark,020404.cha,43
Clark,020420.cha,35
Clark,020425.cha,39
Clark,020502.cha,38
Clark,020509.cha,39
Clark,020516.cha,48
Clark,020523.cha,46
Clark,020530.cha,53
Clark,020606.cha,54
Clark,020627.cha,39
Clark,020710.cha,45
Clark,020718.cha,58
Clark,020726.cha,55
Clark,020803.cha,47
Clark,020815a.cha,50
Clark,020815b.cha,41
Clark,020820a.cha,60
Clark,020820b.cha,47
Clark,020829.cha,54
Clark,020901.cha,53
Clark,020910.cha,50
Clark,020919.cha,45
Clark,020927a.cha,64
Clark,020927b.cha,51
Clark,021002a.cha,65
Clark,021002b.cha,56
Clark,021014.cha,48
Clark,021025a.cha,52
Clark,021025b.cha,47
Clark,021101a.cha,61
Clark,021101b.cha,55
Clark,021110a.cha,56
Clark,021110b.cha,49
Clark,021128.cha,50
Clark,030005.cha,51
Clark,030013.cha,62
Clark,030020.cha,63
Clark,030105.cha,65
Clark,030113.cha,52
Clark,030127.cha,54
Clark,030202.cha,63
