File,Language,Corpus,Code,Age,Sex,Group,Race,SES,Role,Education,Custom_field,#utterances,#morphemes,morphemes/utterances,Standard deviation
020216.cha,eng,Clark,CHI,2;02.16,male,TD,.,UC,Target_Child,.,.,412,1285,3.119,2.773
020223.cha,eng,Clark,CHI,2;02.23,male,TD,.,UC,Target_Child,.,.,404,1287,3.186,2.744
020302.cha,eng,Clark,CHI,2;03.02,male,TD,.,UC,Target_Child,.,.,466,1670,3.584,3.308
020316.cha,eng,Clark,CHI,2;03.16,male,TD,.,UC,Target_Child,.,.,442,1548,3.502,3.53
020321.cha,eng,Clark,CHI,2;03.21,male,TD,.,UC,Target_Child,.,.,426,1498,3.516,3.696
020328.cha,eng,Clark,CHI,2;03.28,male,TD,.,UC,Target_Child,.,.,582,1832,3.148,2.722
020404.cha,eng,Clark,CHI,2;04.04,male,TD,.,UC,Target_Child,.,.,423,1672,3.953,3.571
020420.cha,eng,Clark,CHI,2;04.20,male,TD,.,UC,Target_Child,.,.,391,1272,3.253,2.703
020425.cha,eng,Clark,CHI,2;04.25,male,TD,.,UC,Target_Child,.,.,394,1753,4.449,3.789
020502.cha,eng,Clark,CHI,2;05.02,male,TD,.,UC,Target_Child,.,.,334,952,2.85,2.553
020509.cha,eng,Clark,CHI,2;05.09,male,TD,.,UC,Target_Child,.,.,373,1379,3.697,3.675
020516.cha,eng,Clark,CHI,2;05.16,male,TD,.,UC,Target_Child,.,.,550,2151,3.911,3.456
020523.cha,eng,Clark,CHI,2;05.23,male,TD,.,UC,Target_Child,.,.,601,2416,4.02,3.98
020530.cha,eng,Clark,CHI,2;05.30,male,TD,.,UC,Target_Child,.,.,386,1493,3.868,3.782
020606.cha,eng,Clark,CHI,2;06.06,male,TD,.,UC,Target_Child,.,.,331,1215,3.671,2.996
020627.cha,eng,Clark,CHI,2;06.27,male,TD,.,UC,Target_Child,.,.,509,2089,4.104,4.859
020710.cha,eng,Clark,CHI,2;07.10,male,TD,.,UC,Target_Child,.,.,454,1857,4.09,3.998
020718.cha,eng,Clark,CHI,2;07.18,male,TD,.,UC,Target_Child,.,.,398,2577,6.475,5.528
020726.cha,eng,Clark,CHI,2;07.26,male,TD,.,UC,Target_Child,.,.,454,2330,5.132,4.535
020803.cha,eng,Clark,CHI,2;08.03,male,TD,.,UC,Target_Child,.,.,595,2275,3.824,3.105
020815a.cha,eng,Clark,CHI,2;08.15,male,TD,.,UC,Target_Child,.,.,227,766,3.374,2.945
020815b.cha,eng,Clark,CHI,2;08.15,male,TD,.,UC,Target_Child,.,.,247,866,3.506,2.779
020820a.cha,eng,Clark,CHI,2;08.20,male,TD,.,UC,Target_Child,.,.,305,1183,3.879,2.917
020820b.cha,eng,Clark,CHI,2;08.20,male,TD,.,UC,Target_Child,.,.,228,718,3.149,2.655
020829.cha,eng,Clark,CHI,2;08.29,male,TD,.,UC,Target_Child,.,.,346,1253,3.621,3.19
020901.cha,eng,Clark,CHI,2;09.01,male,TD,.,UC,Target_Child,.,.,282,983,3.486,2.451
020910.cha,eng,Clark,CHI,2;09.10,male,TD,.,UC,Target_Child,.,.,285,1007,3.533,2.824
020919.cha,eng,Clark,CHI,2;09.19,male,TD,.,UC,Target_Child,.,.,295,835,2.831,2.218
020927a.cha,eng,Clark,CHI,2;09.27,male,TD,.,UC,Target_Child,.,.,276,1144,4.145,3.819
020927b.cha,eng,Clark,CHI,2;09.27,male,TD,.,UC,Target_Child,.,.,323,1272,3.938,3.355
021002a.cha,eng,Clark,CHI,2;10.02,male,TD,.,UC,Target_Child,.,.,223,987,4.426,4.565
021002b.cha,eng,Clark,CHI,2;10.02,male,TD,.,UC,Target_Child,.,.,218,1204,5.523,5.042
021014.cha,eng,Clark,CHI,2;10.14,male,TD,.,UC,Target_Child,.,.,223,820,3.677,4.07
021025a.cha,eng,Clark,CHI,2;10.25,male,TD,.,UC,Target_Child,.,.,207,794,3.836,3.124
021025b.cha,eng,Clark,CHI,2;10.25,male,TD,.,UC,Target_Child,.,.,256,941,3.676,2.977
021101a.cha,eng,Clark,CHI,2;11.01,male,TD,.,UC,Target_Child,.,.,203,788,3.882,3.435
021101b.cha,eng,Clark,CHI,2;11.01,male,TD,.,UC,Target_Child,.,.,179,543,3.034,2.632
021110a.cha,eng,Clark,CHI,2;11.10,male,TD,.,UC,Target_Child,.,.,315,1144,3.632,3.404
021110b.cha,eng,Clark,CHI,2;11.10,male,TD,.,UC,Target_Child,.,.,243,823,3.387,2.844
021128.cha,eng,Clark,CHI,2;11.28,male,TD,.,UC,Target_Child,.,.,554,2556,4.614,4.131
030005.cha,eng,Clark,CHI,3;00.05,male,TD,.,UC,Target_Child,.,.,425,1953,4.595,5.407
030013.cha,eng,Clark,CHI,3;00.13,male,TD,.,UC,Target_Child,.,.,573,3144,5.487,5.779
030020.cha,eng,Clark,CHI,3;00.20,male,TD,.,UC,Target_Child,.,.,542,2814,5.192,4.778
030105.cha,eng,Clark,CHI,3;01.05,male,TD,.,UC,Target_Child,.,.,542,2667,4.921,4.264
030113.cha,eng,Clark,CHI,3;01.13,male,TD,.,UC,Target_Child,.,.,335,1518,4.531,3.961
030127.cha,eng,Clark,CHI,3;01.27,male,TD,.,UC,Target_Child,.,.,381,1686,4.425,3.587
030202.cha,eng,Clark,CHI,3;02.02,male,TD,.,UC,Target_Child,.,.,353,2130,6.034,6.434
