Folder,File,IPSyn Score
Clark,020216.cha,67
Clark,020223.cha,72
Clark,020302.cha,72
Clark,020316.cha,68
Clark,020321.cha,74
Clark,020328.cha,71
Clark,020404.cha,75
Clark,020420.cha,70
Clark,020425.cha,76
Clark,020502.cha,75
Clark,020509.cha,80
Clark,020516.cha,76
Clark,020523.cha,76
Clark,020530.cha,81
Clark,020606.cha,81
Clark,020627.cha,69
Clark,020710.cha,84
Clark,020718.cha,88
Clark,020726.cha,90
Clark,020803.cha,80
Clark,020815a.cha,77
Clark,020815b.cha,75
Clark,020820a.cha,85
Clark,020820b.cha,73
Clark,020829.cha,86
Clark,020901.cha,79
Clark,020910.cha,84
Clark,020919.cha,72
Clark,020927a.cha,95
Clark,020927b.cha,84
Clark,021002a.cha,92
Clark,021002b.cha,90
Clark,021014.cha,79
Clark,021025a.cha,84
Clark,021025b.cha,80
Clark,021101a.cha,90
Clark,021101b.cha,83
Clark,021110a.cha,86
Clark,021110b.cha,85
Clark,021128.cha,89
Clark,030005.cha,92
Clark,030013.cha,97
Clark,030020.cha,94
Clark,030105.cha,93
Clark,030113.cha,85
Clark,030127.cha,88
Clark,030202.cha,90
