File,Language,Corpus,Code,Age,Sex,Group,Race,SES,Role,Education,Custom_field,#utterances,#morphemes,morphemes/utterances,Standard deviation
10023a.cha,fra,Lyon,CHI,1;00.23,female,.,.,.,Target_Child,.,.,6,6,1,0
10023b.cha,fra,Lyon,CHI,1;00.23,female,.,.,.,Target_Child,.,.,12,12,1,0
10113a.cha,fra,Lyon,CHI,1;01.13,female,.,.,.,Target_Child,.,.,20,21,1.05,0.218
10113b.cha,fra,Lyon,CHI,1;01.13,female,.,.,.,Target_Child,.,.,5,7,1.4,0.8
10127a.cha,fra,Lyon,CHI,1;01.27,female,.,.,.,Target_Child,.,.,46,46,1,0
10127b.cha,fra,Lyon,CHI,1;01.27,female,.,.,.,Target_Child,.,.,17,19,1.118,0.471
10211a.cha,fra,Lyon,CHI,1;02.11,female,.,.,.,Target_Child,.,.,14,15,1.071,0.258
10211b.cha,fra,Lyon,CHI,1;02.11,female,.,.,.,Target_Child,.,.,12,12,1,0
10303a.cha,fra,Lyon,CHI,1;03.03,female,.,.,.,Target_Child,.,.,24,26,1.083,0.276
10303b.cha,fra,Lyon,CHI,1;03.03,female,.,.,.,Target_Child,.,.,21,24,1.143,0.35
10315a.cha,fra,Lyon,CHI,1;03.15,female,.,.,.,Target_Child,.,.,21,24,1.143,0.467
10315b.cha,fra,Lyon,CHI,1;03.15,female,.,.,.,Target_Child,.,.,21,22,1.048,0.213
10401a.cha,fra,Lyon,CHI,1;04.01,female,.,.,.,Target_Child,.,.,48,99,2.063,1.651
10401b.cha,fra,Lyon,CHI,1;04.01,female,.,.,.,Target_Child,.,.,20,37,1.85,1.236
10419a.cha,fra,Lyon,CHI,1;04.19,female,.,.,.,Target_Child,.,.,29,32,1.103,0.305
10419b.cha,fra,Lyon,CHI,1;04.19,female,.,.,.,Target_Child,.,.,17,17,1,0
10503a.cha,fra,Lyon,CHI,1;05.03,female,.,.,.,Target_Child,.,.,64,69,1.078,0.321
10503b.cha,fra,Lyon,CHI,1;05.03,female,.,.,.,Target_Child,.,.,83,89,1.072,0.259
10506a.cha,fra,Lyon,CHI,1;05.06,female,.,.,.,Target_Child,.,.,101,128,1.267,0.595
10506b.cha,fra,Lyon,CHI,1;05.06,female,.,.,.,Target_Child,.,.,97,132,1.361,0.84
10519a.cha,fra,Lyon,CHI,1;05.19,female,.,.,.,Target_Child,.,.,125,144,1.152,0.439
10519b.cha,fra,Lyon,CHI,1;05.19,female,.,.,.,Target_Child,.,.,131,140,1.069,0.282
10621a.cha,fra,Lyon,CHI,1;06.21,female,.,.,.,Target_Child,.,.,31,40,1.29,1.275
10621b.cha,fra,Lyon,CHI,1;06.21,female,.,.,.,Target_Child,.,.,71,78,1.099,0.342
10705a.cha,fra,Lyon,CHI,1;07.05,female,.,.,.,Target_Child,.,.,106,113,1.066,0.344
10705b.cha,fra,Lyon,CHI,1;07.05,female,.,.,.,Target_Child,.,.,81,86,1.062,0.287
10725a.cha,fra,Lyon,CHI,1;07.25,female,.,.,.,Target_Child,.,.,50,82,1.64,1.292
10725b.cha,fra,Lyon,CHI,1;07.25,female,.,.,.,Target_Child,.,.,91,112,1.231,0.826
10811a.cha,fra,Lyon,CHI,1;08.11,female,.,.,.,Target_Child,.,.,185,226,1.222,0.606
10811b.cha,fra,Lyon,CHI,1;08.11,female,.,.,.,Target_Child,.,.,80,100,1.25,0.716
10922a.cha,fra,Lyon,CHI,1;09.22,female,.,.,.,Target_Child,.,.,46,52,1.13,0.396
10922b.cha,fra,Lyon,CHI,1;09.22,female,.,.,.,Target_Child,.,.,146,200,1.37,0.891
11023a.cha,fra,Lyon,CHI,1;10.23,female,.,.,.,Target_Child,.,.,151,190,1.258,0.857
11023b.cha,fra,Lyon,CHI,1;10.23,female,.,.,.,Target_Child,.,.,182,209,1.148,0.463
11027a.cha,fra,Lyon,CHI,1;10.27,female,.,.,.,Target_Child,.,.,100,110,1.1,0.3
11027b.cha,fra,Lyon,CHI,1;10.27,female,.,.,.,Target_Child,.,.,82,95,1.159,0.481
11111a.cha,fra,Lyon,CHI,1;11.11,female,.,.,.,Target_Child,.,.,351,414,1.179,0.464
11111b.cha,fra,Lyon,CHI,1;11.11,female,.,.,.,Target_Child,.,.,274,334,1.219,0.523
11126a.cha,fra,Lyon,CHI,1;11.26,female,.,.,.,Target_Child,.,.,204,313,1.534,0.931
11126b.cha,fra,Lyon,CHI,1;11.26,female,.,.,.,Target_Child,.,.,185,247,1.335,0.629
20015a.cha,fra,Lyon,CHI,2;00.15,female,.,.,.,Target_Child,.,.,171,304,1.778,1.288
20015b.cha,fra,Lyon,CHI,2;00.15,female,.,.,.,Target_Child,.,.,104,139,1.337,0.729
20225a.cha,fra,Lyon,CHI,2;02.25,female,.,.,.,Target_Child,.,.,412,579,1.405,0.706
20225b.cha,fra,Lyon,CHI,2;02.25,female,.,.,.,Target_Child,.,.,474,779,1.643,0.966
20309a.cha,fra,Lyon,CHI,2;03.09,female,.,.,.,Target_Child,.,.,520,793,1.525,0.746
20309b.cha,fra,Lyon,CHI,2;03.09,female,.,.,.,Target_Child,.,.,621,1004,1.617,0.795
20407a.cha,fra,Lyon,CHI,2;04.07,female,.,.,.,Target_Child,.,.,290,508,1.752,1.127
20407b.cha,fra,Lyon,CHI,2;04.07,female,.,.,.,Target_Child,.,.,253,441,1.743,0.89
20420a.cha,fra,Lyon,CHI,2;04.20,female,.,.,.,Target_Child,.,.,472,686,1.453,0.799
20420b.cha,fra,Lyon,CHI,2;04.20,female,.,.,.,Target_Child,.,.,451,682,1.512,0.822
20511a.cha,fra,Lyon,CHI,2;05.11,female,.,.,.,Target_Child,.,.,498,875,1.757,0.944
20511b.cha,fra,Lyon,CHI,2;05.11,female,.,.,.,Target_Child,.,.,523,949,1.815,1.034
20523a.cha,fra,Lyon,CHI,2;05.23,female,.,.,.,Target_Child,.,.,411,629,1.53,0.846
20523b.cha,fra,Lyon,CHI,2;05.23,female,.,.,.,Target_Child,.,.,475,814,1.714,0.948
20525a.cha,fra,Lyon,CHI,2;05.25,female,.,.,.,Target_Child,.,.,483,912,1.888,1.049
20525b.cha,fra,Lyon,CHI,2;05.25,female,.,.,.,Target_Child,.,.,333,630,1.892,0.987
20621a.cha,fra,Lyon,CHI,2;06.21,female,.,.,.,Target_Child,.,.,346,893,2.581,2.012
20621b.cha,fra,Lyon,CHI,2;06.21,female,.,.,.,Target_Child,.,.,225,533,2.369,1.802
20712a.cha,fra,Lyon,CHI,2;07.12,female,.,.,.,Target_Child,.,.,334,749,2.243,1.518
20712b.cha,fra,Lyon,CHI,2;07.12,female,.,.,.,Target_Child,.,.,234,523,2.235,1.479
20800a.cha,fra,Lyon,CHI,2;08.,female,.,.,.,Target_Child,.,.,496,1090,2.198,1.433
20800b.cha,fra,Lyon,CHI,2;08.,female,.,.,.,Target_Child,.,.,504,1083,2.149,1.357
20906a.cha,fra,Lyon,CHI,2;09.06,female,.,.,.,Target_Child,.,.,423,854,2.019,1.255
20906b.cha,fra,Lyon,CHI,2;09.06,female,.,.,.,Target_Child,.,.,278,501,1.802,1.209
20916a.cha,fra,Lyon,CHI,2;09.16,female,.,.,.,Target_Child,.,.,287,834,2.906,2.045
20916b.cha,fra,Lyon,CHI,2;09.16,female,.,.,.,Target_Child,.,.,234,637,2.722,1.927
20926a.cha,fra,Lyon,CHI,2;09.26,female,.,.,.,Target_Child,.,.,231,532,2.303,1.378
20926b.cha,fra,Lyon,CHI,2;09.26,female,.,.,.,Target_Child,.,.,128,355,2.773,1.746
20929a.cha,fra,Lyon,CHI,2;09.29,female,.,.,.,Target_Child,.,.,329,714,2.17,1.369
20929b.cha,fra,Lyon,CHI,2;09.29,female,.,.,.,Target_Child,.,.,411,894,2.175,1.391
21020a.cha,fra,Lyon,CHI,2;10.20,female,.,.,.,Target_Child,.,.,318,904,2.843,1.725
21020b.cha,fra,Lyon,CHI,2;10.20,female,.,.,.,Target_Child,.,.,267,767,2.873,2.278
30000a.cha,fra,Lyon,CHI,3;,female,.,.,.,Target_Child,.,.,336,971,2.89,1.838
30000b.cha,fra,Lyon,CHI,3;,female,.,.,.,Target_Child,.,.,281,717,2.552,1.753
30015a.cha,fra,Lyon,CHI,3;00.15,female,.,.,.,Target_Child,.,.,275,732,2.662,1.712
30015b.cha,fra,Lyon,CHI,3;00.15,female,.,.,.,Target_Child,.,.,348,945,2.716,1.762
