File,Language,Corpus,Code,Age,Sex,Group,Race,SES,Role,Education,Custom_field,#utterances,#morphemes,morphemes/utterances,Standard deviation
020500.cha,zho,TCCM,CHI,2;05.,.,.,.,.,Target_Child,.,.,680,2106,3.097,1.893
020600.cha,zho,TCCM,CHI,2;06.,.,.,.,.,Target_Child,.,.,211,703,3.332,2.057
020700.cha,zho,TCCM,CHI,2;07.,.,.,.,.,Target_Child,.,.,232,657,2.832,1.89
020800.cha,zho,TCCM,CHI,2;08.,.,.,.,.,Target_Child,.,.,221,743,3.362,2.064
020900.cha,zho,TCCM,CHI,2;09.,.,.,.,.,Target_Child,.,.,223,745,3.341,2.038
021000.cha,zho,TCCM,CHI,2;10.,.,.,.,.,Target_Child,.,.,225,664,2.951,2.053
021100.cha,zho,TCCM,CHI,2;11.,.,.,.,.,Target_Child,.,.,248,876,3.532,2.138
030000.cha,zho,TCCM,CHI,3;00.,.,.,.,.,Target_Child,.,.,196,635,3.24,1.969
030100.cha,zho,TCCM,CHI,3;01.,.,.,.,.,Target_Child,.,.,257,918,3.572,2.158
030200.cha,zho,TCCM,CHI,3;02.,.,.,.,.,Target_Child,.,.,228,659,2.89,1.996
030300.cha,zho,TCCM,CHI,3;03.,.,.,.,.,Target_Child,.,.,234,720,3.077,1.904
030400.cha,zho,TCCM,CHI,3;04.,.,.,.,.,Target_Child,.,.,173,627,3.624,2.173
