Folder,File,IPSyn Score
Roman,020220.cha,70
Roman,020507.cha,63
Roman,020521.cha,72
Roman,020528.cha,76
Roman,020604.cha,76
Roman,020611.cha,83
Roman,020626.cha,80
Roman,020701.cha,83
Roman,020814.cha,78
Roman,020820.cha,84
Roman,020901.cha,77
Roman,020915.cha,87
Roman,021001.cha,80
Roman,021015.cha,74
Roman,021118.cha,82
Roman,030114.cha,79
Roman,030124.cha,85
Roman,030220.cha,86
Roman,030306.cha,99
Roman,030417.cha,81
Roman,030501.cha,87
Roman,030529.cha,90
Roman,030619.cha,90
Roman,030904.cha,85
Roman,030918.cha,88
Roman,030925.cha,93
Roman,031009.cha,93
Roman,031023.cha,84
Roman,031113.cha,81
Roman,031128.cha,81
Roman,040119.cha,95
Roman,040203.cha,94
Roman,040217.cha,88
Roman,040317.cha,91
Roman,040400.cha,89
Roman,040416.cha,94
Roman,040426.cha,94
Roman,040611.cha,92
Roman,040720.cha,84
