File,Language,Corpus,Code,Age,Sex,Group,Race,SES,Role,Education,Custom_field,#utterances,#morphemes,morphemes/utterances,Standard deviation
020220.cha,eng,Weist,CHI,2;02.20,male,.,.,.,Target_Child,.,.,137,355,2.591,1.422
020225.cha,eng,Weist,CHI,2;02.25,male,.,.,.,Target_Child,.,.,69,185,2.681,1.499
020501.cha,eng,Weist,CHI,2;05.01,male,.,.,.,Target_Child,.,.,46,137,2.978,2.182
020507.cha,eng,Weist,CHI,2;05.07,male,.,.,.,Target_Child,.,.,218,633,2.904,1.871
020521.cha,eng,Weist,CHI,2;05.21,male,.,.,.,Target_Child,.,.,425,1491,3.508,1.985
020528.cha,eng,Weist,CHI,2;05.28,male,.,.,.,Target_Child,.,.,310,1031,3.326,1.928
020604.cha,eng,Weist,CHI,2;06.04,male,.,.,.,Target_Child,.,.,237,903,3.81,2.362
020611.cha,eng,Weist,CHI,2;06.11,male,.,.,.,Target_Child,.,.,257,911,3.545,2.627
020626.cha,eng,Weist,CHI,2;06.26,male,.,.,.,Target_Child,.,.,201,690,3.433,2.296
020701.cha,eng,Weist,CHI,2;07.01,male,.,.,.,Target_Child,.,.,242,941,3.888,2.508
020814.cha,eng,Weist,CHI,2;08.14,male,.,.,.,Target_Child,.,.,208,565,2.716,2.239
020820.cha,eng,Weist,CHI,2;08.20,male,.,.,.,Target_Child,.,.,214,753,3.519,3.141
020901.cha,eng,Weist,CHI,2;09.01,male,.,.,.,Target_Child,.,.,226,671,2.969,2.297
020915.cha,eng,Weist,CHI,2;09.15,male,.,.,.,Target_Child,.,.,246,846,3.439,2.955
021001.cha,eng,Weist,CHI,2;10.01,male,.,.,.,Target_Child,.,.,344,1023,2.974,2.492
021015.cha,eng,Weist,CHI,2;10.15,male,.,.,.,Target_Child,.,.,257,737,2.868,2.612
021118.cha,eng,Weist,CHI,2;11.18,male,.,.,.,Target_Child,.,.,158,525,3.323,2.651
030114.cha,eng,Weist,CHI,3;01.14,male,.,.,.,Target_Child,.,.,163,607,3.724,2.265
030124.cha,eng,Weist,CHI,3;01.24,male,.,.,.,Target_Child,.,.,312,1579,5.061,3.768
030220.cha,eng,Weist,CHI,3;02.20,male,.,.,.,Target_Child,.,.,317,1325,4.18,2.923
030306.cha,eng,Weist,CHI,3;03.06,male,.,.,.,Target_Child,.,.,310,1388,4.477,3.695
030417.cha,eng,Weist,CHI,3;04.17,male,.,.,.,Target_Child,.,.,312,1335,4.279,3.325
030501.cha,eng,Weist,CHI,3;05.01,male,.,.,.,Target_Child,.,.,300,1545,5.15,4.595
030529.cha,eng,Weist,CHI,3;05.29,male,.,.,.,Target_Child,.,.,269,1812,6.736,5.888
030619.cha,eng,Weist,CHI,3;06.19,male,.,.,.,Target_Child,.,.,249,1503,6.036,6.164
030904.cha,eng,Weist,CHI,3;09.04,male,.,.,.,Target_Child,.,.,162,617,3.809,3.157
030918.cha,eng,Weist,CHI,3;09.18,male,.,.,.,Target_Child,.,.,239,1407,5.887,3.551
030925.cha,eng,Weist,CHI,3;09.25,male,.,.,.,Target_Child,.,.,235,1603,6.821,4.978
031009.cha,eng,Weist,CHI,3;10.09,male,.,.,.,Target_Child,.,.,299,1587,5.308,4.301
031023.cha,eng,Weist,CHI,3;10.23,.,.,.,.,Target_Child,.,.,402,1717,4.271,3.545
031113.cha,eng,Weist,CHI,3;11.13,.,.,.,.,Target_Child,.,.,360,1290,3.583,2.98
031128.cha,eng,Weist,CHI,3;11.28,male,.,.,.,Target_Child,.,.,271,895,3.303,2.898
040119.cha,eng,Weist,CHI,4;01.19,male,.,.,.,Target_Child,.,.,292,1792,6.137,5.686
040203.cha,eng,Weist,CHI,4;02.03,male,.,.,.,Target_Child,.,.,308,1810,5.877,4.335
040217.cha,eng,Weist,CHI,4;02.17,male,.,.,.,Target_Child,.,.,327,1948,5.957,5.226
040317.cha,eng,Weist,CHI,4;03.17,male,.,.,.,Target_Child,.,.,218,1139,5.225,4.064
040400.cha,eng,Weist,CHI,4;04.00,male,.,.,.,Target_Child,.,.,192,900,4.688,4.029
040416.cha,eng,Weist,CHI,4;04.16,male,.,.,.,Target_Child,.,.,305,1503,4.928,4.272
040426.cha,eng,Weist,CHI,4;04.26,male,.,.,.,Target_Child,.,.,212,807,3.807,3.426
040504.cha,eng,Weist,CHI,4;05.04,male,.,.,.,Target_Child,.,.,93,352,3.785,3.461
040611.cha,eng,Weist,CHI,4;06.11,male,.,.,.,Target_Child,.,.,540,1953,3.617,3.653
040720.cha,eng,Weist,CHI,4;07.20,male,.,.,.,Target_Child,.,.,325,1162,3.575,3.187
