Folder,File,IPSyn Score
Roman,020220.cha,41
Roman,020225.cha,34
Roman,020507.cha,33
Roman,020521.cha,36
Roman,020528.cha,38
Roman,020604.cha,37
Roman,020611.cha,52
Roman,020626.cha,46
Roman,020701.cha,45
Roman,020814.cha,45
Roman,020820.cha,46
Roman,020901.cha,47
Roman,020915.cha,58
Roman,021001.cha,47
Roman,021015.cha,46
Roman,021118.cha,44
Roman,030114.cha,43
Roman,030124.cha,47
Roman,030220.cha,49
Roman,030306.cha,60
Roman,030417.cha,48
Roman,030501.cha,52
Roman,030529.cha,59
Roman,030619.cha,60
Roman,030904.cha,52
Roman,030918.cha,54
Roman,030925.cha,64
Roman,031009.cha,63
Roman,031023.cha,50
Roman,031113.cha,46
Roman,031128.cha,49
Roman,040119.cha,50
Roman,040203.cha,60
Roman,040217.cha,54
Roman,040317.cha,58
Roman,040400.cha,59
Roman,040416.cha,59
Roman,040426.cha,57
Roman,040504.cha,64
Roman,040611.cha,55
Roman,040720.cha,54
