File,Language,Corpus,Code,Age,Sex,Group,Race,SES,Role,Education,Custom_field,#utterances,#morphemes,morphemes/utterances,Standard deviation
020305.cha,eng,Brown,CHI,2;03.05,female,.,.,.,Target_Child,.,.,76,143,1.882,0.827
020307.cha,eng,Brown,CHI,2;03.07,female,.,.,.,Target_Child,.,.,212,398,1.877,0.832
020319.cha,eng,Brown,CHI,2;03.19,female,.,.,.,Target_Child,.,.,274,435,1.588,0.657
020322.cha,eng,Brown,CHI,2;03.22,female,.,.,.,Target_Child,.,.,62,99,1.597,0.706
020326.cha,eng,Brown,CHI,2;03.26,female,.,.,.,Target_Child,.,.,101,150,1.485,0.639
020328.cha,eng,Brown,CHI,2;03.28,female,.,.,.,Target_Child,.,.,155,264,1.703,0.78
020410.cha,eng,Brown,CHI,2;04.10,female,.,.,.,Target_Child,.,.,184,281,1.527,0.714
020412.cha,eng,Brown,CHI,2;04.12,female,.,.,.,Target_Child,.,.,191,363,1.901,0.941
020417.cha,eng,Brown,CHI,2;04.17,female,.,.,.,Target_Child,.,.,117,185,1.581,0.754
020419.cha,eng,Brown,CHI,2;04.19,female,.,.,.,Target_Child,.,.,257,412,1.603,0.807
020426.cha,eng,Brown,CHI,2;04.26,female,.,.,.,Target_Child,.,.,147,254,1.728,0.813
020507.cha,eng,Brown,CHI,2;05.07,female,.,.,.,Target_Child,.,.,158,299,1.892,0.89
020515.cha,eng,Brown,CHI,2;05.15,female,.,.,.,Target_Child,.,.,173,306,1.769,0.896
020525.cha,eng,Brown,CHI,2;05.25,female,.,.,.,Target_Child,.,.,106,232,2.189,1.02
020530.cha,eng,Brown,CHI,2;05.30,female,.,.,.,Target_Child,.,.,201,325,1.617,0.839
020604.cha,eng,Brown,CHI,2;06.04,female,.,.,.,Target_Child,.,.,100,151,1.51,0.728
020613.cha,eng,Brown,CHI,2;06.13,female,.,.,.,Target_Child,.,.,287,494,1.721,1.015
020620.cha,eng,Brown,CHI,2;06.20,female,.,.,.,Target_Child,.,.,316,602,1.905,1.231
020630.cha,eng,Brown,CHI,2;06.30,female,.,.,.,Target_Child,.,.,68,117,1.721,0.82
020705.cha,eng,Brown,CHI,2;07.05,female,.,.,.,Target_Child,.,.,200,363,1.815,0.849
020712.cha,eng,Brown,CHI,2;07.12,female,.,.,.,Target_Child,.,.,269,560,2.082,1.186
020718.cha,eng,Brown,CHI,2;07.18,female,.,.,.,Target_Child,.,.,124,207,1.669,1.06
020728.cha,eng,Brown,CHI,2;07.28,female,.,.,.,Target_Child,.,.,193,354,1.834,0.989
020802.cha,eng,Brown,CHI,2;08.02,female,.,.,.,Target_Child,.,.,187,368,1.968,1.064
020825a.cha,eng,Brown,CHI,2;08.25,female,.,.,.,Target_Child,.,.,205,436,2.127,1.065
020825b.cha,eng,Brown,CHI,2;08.25,female,.,.,.,Target_Child,.,.,290,706,2.434,1.182
020900.cha,eng,Brown,CHI,2;09.00,female,.,.,.,Target_Child,.,.,176,360,2.045,1.224
020906.cha,eng,Brown,CHI,2;09.06,female,.,.,.,Target_Child,.,.,265,600,2.264,1.067
020914.cha,eng,Brown,CHI,2;09.14,female,.,.,.,Target_Child,.,.,176,344,1.955,0.993
020920.cha,eng,Brown,CHI,2;09.20,female,.,.,.,Target_Child,.,.,514,1018,1.981,1.296
020929.cha,eng,Brown,CHI,2;09.29,female,.,.,.,Target_Child,.,.,133,292,2.195,1.329
021005.cha,eng,Brown,CHI,2;10.05,female,.,.,.,Target_Child,.,.,281,682,2.427,1.275
021011.cha,eng,Brown,CHI,2;10.11,female,.,.,.,Target_Child,.,.,160,343,2.144,1.264
021020.cha,eng,Brown,CHI,2;10.20,female,.,.,.,Target_Child,.,.,172,404,2.349,1.412
021024.cha,eng,Brown,CHI,2;10.24,female,.,.,.,Target_Child,.,.,259,537,2.073,1.394
021102.cha,eng,Brown,CHI,2;11.02,female,.,.,.,Target_Child,.,.,237,539,2.274,1.489
021117.cha,eng,Brown,CHI,2;11.17,female,.,.,.,Target_Child,.,.,409,969,2.369,1.375
021123.cha,eng,Brown,CHI,2;11.23,female,.,.,.,Target_Child,.,.,159,378,2.377,1.404
021130.cha,eng,Brown,CHI,2;11.30,female,.,.,.,Target_Child,.,.,188,320,1.702,1.055
030018a.cha,eng,Brown,CHI,3;00.18,female,.,.,.,Target_Child,.,.,312,855,2.74,1.637
030018b.cha,eng,Brown,CHI,3;00.18,female,.,.,.,Target_Child,.,.,196,538,2.745,1.612
030027.cha,eng,Brown,CHI,3;00.27,female,.,.,.,Target_Child,.,.,245,600,2.449,1.625
030103.cha,eng,Brown,CHI,3;01.03,female,.,.,.,Target_Child,.,.,167,463,2.772,1.954
030110.cha,eng,Brown,CHI,3;01.10,female,.,.,.,Target_Child,.,.,277,710,2.563,1.691
030117.cha,eng,Brown,CHI,3;01.17,female,.,.,.,Target_Child,.,.,204,503,2.466,1.522
030124.cha,eng,Brown,CHI,3;01.24,female,.,.,.,Target_Child,.,.,220,613,2.786,1.741
030202.cha,eng,Brown,CHI,3;02.02,female,.,.,.,Target_Child,.,.,231,665,2.879,1.992
030210.cha,eng,Brown,CHI,3;02.10,female,.,.,.,Target_Child,.,.,213,632,2.967,1.788
030216.cha,eng,Brown,CHI,3;02.16,female,.,.,.,Target_Child,.,.,245,761,3.106,1.628
030223.cha,eng,Brown,CHI,3;02.23,female,.,.,.,Target_Child,.,.,242,754,3.116,2.025
030307a.cha,eng,Brown,CHI,3;03.07,female,.,.,.,Target_Child,.,.,232,546,2.353,1.623
030307b.cha,eng,Brown,CHI,3;03.07,female,.,.,.,Target_Child,.,.,180,479,2.661,1.958
030313.cha,eng,Brown,CHI,3;03.13,female,.,.,.,Target_Child,.,.,339,1102,3.251,1.934
030320.cha,eng,Brown,CHI,3;03.20,female,.,.,.,Target_Child,.,.,213,597,2.803,1.866
030328.cha,eng,Brown,CHI,3;03.28,female,.,.,.,Target_Child,.,.,207,497,2.401,1.532
030401.cha,eng,Brown,CHI,3;04.01,female,.,.,.,Target_Child,.,.,255,739,2.898,1.821
030409.cha,eng,Brown,CHI,3;04.09,female,.,.,.,Target_Child,.,.,222,617,2.779,1.924
030416.cha,eng,Brown,CHI,3;04.16,female,.,.,.,Target_Child,.,.,231,589,2.55,1.658
030426.cha,eng,Brown,CHI,3;04.26,female,.,.,.,Target_Child,.,.,251,639,2.546,2.022
030501.cha,eng,Brown,CHI,3;05.01,female,.,.,.,Target_Child,.,.,174,460,2.644,1.983
030507.cha,eng,Brown,CHI,3;05.07,female,.,.,.,Target_Child,.,.,360,1048,2.911,1.84
030513.cha,eng,Brown,CHI,3;05.13,female,.,.,.,Target_Child,.,.,324,807,2.491,1.549
030520.cha,eng,Brown,CHI,3;05.20,female,.,.,.,Target_Child,.,.,252,782,3.103,2.056
030606.cha,eng,Brown,CHI,3;06.06,female,.,.,.,Target_Child,.,.,277,815,2.942,2.103
030616.cha,eng,Brown,CHI,3;06.16,female,.,.,.,Target_Child,.,.,211,640,3.033,2.143
030623.cha,eng,Brown,CHI,3;06.23,female,.,.,.,Target_Child,.,.,197,659,3.345,2.247
030630.cha,eng,Brown,CHI,3;06.30,female,.,.,.,Target_Child,.,.,244,900,3.689,2.411
030709.cha,eng,Brown,CHI,3;07.09,female,.,.,.,Target_Child,.,.,200,687,3.435,2.199
030716.cha,eng,Brown,CHI,3;07.16,female,.,.,.,Target_Child,.,.,149,583,3.913,2.036
030723.cha,eng,Brown,CHI,3;07.23,female,.,.,.,Target_Child,.,.,162,560,3.457,2.088
030730.cha,eng,Brown,CHI,3;07.30,female,.,.,.,Target_Child,.,.,182,625,3.434,2.195
030806.cha,eng,Brown,CHI,3;08.06,female,.,.,.,Target_Child,.,.,246,861,3.5,2.05
030812.cha,eng,Brown,CHI,3;08.12,female,.,.,.,Target_Child,.,.,156,526,3.372,2.176
030820.cha,eng,Brown,CHI,3;08.20,female,.,.,.,Target_Child,.,.,184,662,3.598,2.509
030827.cha,eng,Brown,CHI,3;08.27,female,.,.,.,Target_Child,.,.,225,701,3.116,2.343
030903.cha,eng,Brown,CHI,3;09.03,female,.,.,.,Target_Child,.,.,211,654,3.1,2.096
030918.cha,eng,Brown,CHI,3;09.18,female,.,.,.,Target_Child,.,.,140,374,2.671,1.758
030926a.cha,eng,Brown,CHI,3;09.26,female,.,.,.,Target_Child,.,.,210,745,3.548,2.024
030926b.cha,eng,Brown,CHI,3;09.26,female,.,.,.,Target_Child,.,.,163,581,3.564,2.04
031001.cha,eng,Brown,CHI,3;10.01,female,.,.,.,Target_Child,.,.,182,542,2.978,2.089
031009.cha,eng,Brown,CHI,3;10.09,female,.,.,.,Target_Child,.,.,161,536,3.329,2.178
031016.cha,eng,Brown,CHI,3;10.16,female,.,.,.,Target_Child,.,.,233,850,3.648,2.433
031030.cha,eng,Brown,CHI,3;10.30,female,.,.,.,Target_Child,.,.,242,799,3.302,2.494
031109.cha,eng,Brown,CHI,3;11.09,female,.,.,.,Target_Child,.,.,51,182,3.569,2.673
031116.cha,eng,Brown,CHI,3;11.16,female,.,.,.,Target_Child,.,.,256,810,3.164,2.087
031129.cha,eng,Brown,CHI,3;11.29,female,.,.,.,Target_Child,.,.,115,396,3.443,2.334
040005.cha,eng,Brown,CHI,4;00.05,female,.,.,.,Target_Child,.,.,267,752,2.816,1.834
040014.cha,eng,Brown,CHI,4;00.14,female,.,.,.,Target_Child,.,.,225,805,3.578,2.603
040028.cha,eng,Brown,CHI,4;00.28,female,.,.,.,Target_Child,.,.,301,1159,3.85,2.265
040104.cha,eng,Brown,CHI,4;01.04,female,.,.,.,Target_Child,.,.,323,1047,3.241,2.304
040111.cha,eng,Brown,CHI,4;01.11,female,.,.,.,Target_Child,.,.,343,1092,3.184,2.201
040118.cha,eng,Brown,CHI,4;01.18,female,.,.,.,Target_Child,.,.,187,660,3.529,2.059
040128.cha,eng,Brown,CHI,4;01.28,female,.,.,.,Target_Child,.,.,265,1053,3.974,2.545
040201.cha,eng,Brown,CHI,4;02.01,female,.,.,.,Target_Child,.,.,297,1109,3.734,2.351
040209.cha,eng,Brown,CHI,4;02.09,female,.,.,.,Target_Child,.,.,254,874,3.441,2.208
040216.cha,eng,Brown,CHI,4;02.16,female,.,.,.,Target_Child,.,.,238,761,3.197,2.381
040223.cha,eng,Brown,CHI,4;02.23,female,.,.,.,Target_Child,.,.,232,878,3.784,2.337
040228.cha,eng,Brown,CHI,4;02.28,female,.,.,.,Target_Child,.,.,288,992,3.444,2.109
040307.cha,eng,Brown,CHI,4;03.07,female,.,.,.,Target_Child,.,.,360,1232,3.422,2.264
040313.cha,eng,Brown,CHI,4;03.13,female,.,.,.,Target_Child,.,.,261,960,3.678,2.3
040319.cha,eng,Brown,CHI,4;03.19,female,.,.,.,Target_Child,.,.,28,141,5.036,2.994
040326.cha,eng,Brown,CHI,4;03.26,female,.,.,.,Target_Child,.,.,259,1021,3.942,2.936
040401.cha,eng,Brown,CHI,4;04.01,female,.,.,.,Target_Child,.,.,236,816,3.458,2.447
040411.cha,eng,Brown,CHI,4;04.11,female,.,.,.,Target_Child,.,.,286,949,3.318,2.239
040418.cha,eng,Brown,CHI,4;04.18,female,.,.,.,Target_Child,.,.,249,780,3.133,2.081
040425.cha,eng,Brown,CHI,4;04.25,female,.,.,.,Target_Child,.,.,268,1035,3.862,2.622
040504.cha,eng,Brown,CHI,4;05.04,female,.,.,.,Target_Child,.,.,266,893,3.357,2.479
040508.cha,eng,Brown,CHI,4;05.08,female,.,.,.,Target_Child,.,.,232,838,3.612,2.506
040514.cha,eng,Brown,CHI,4;05.14,female,.,.,.,Target_Child,.,.,251,901,3.59,2.356
040522.cha,eng,Brown,CHI,4;05.22,female,.,.,.,Target_Child,.,.,278,1051,3.781,2.534
040529.cha,eng,Brown,CHI,4;05.29,female,.,.,.,Target_Child,.,.,319,1387,4.348,3.122
040605.cha,eng,Brown,CHI,4;06.05,female,.,.,.,Target_Child,.,.,235,877,3.732,2.231
040610.cha,eng,Brown,CHI,4;06.10,female,.,.,.,Target_Child,.,.,302,1235,4.089,2.754
040617.cha,eng,Brown,CHI,4;06.17,female,.,.,.,Target_Child,.,.,234,752,3.214,2.36
040624.cha,eng,Brown,CHI,4;06.24,female,.,.,.,Target_Child,.,.,269,970,3.606,2.33
040700.cha,eng,Brown,CHI,4;07.00,female,.,.,.,Target_Child,.,.,235,935,3.979,2.374
040711.cha,eng,Brown,CHI,4;07.11,female,.,.,.,Target_Child,.,.,256,880,3.438,2.69
040717.cha,eng,Brown,CHI,4;07.17,female,.,.,.,Target_Child,.,.,265,1063,4.011,2.762
040724.cha,eng,Brown,CHI,4;07.24,female,.,.,.,Target_Child,.,.,248,1102,4.444,3.721
040807.cha,eng,Brown,CHI,4;08.07,female,.,.,.,Target_Child,.,.,274,936,3.416,2.38
040813.cha,eng,Brown,CHI,4;08.13,female,.,.,.,Target_Child,.,.,244,979,4.012,3.406
040820.cha,eng,Brown,CHI,4;08.20,female,.,.,.,Target_Child,.,.,234,1043,4.457,3.655
040904.cha,eng,Brown,CHI,4;09.04,female,.,.,.,Target_Child,.,.,216,885,4.097,2.667
040912.cha,eng,Brown,CHI,4;09.12,female,.,.,.,Target_Child,.,.,258,986,3.822,2.827
040919.cha,eng,Brown,CHI,4;09.19,female,.,.,.,Target_Child,.,.,150,565,3.767,2.662
040926.cha,eng,Brown,CHI,4;09.26,female,.,.,.,Target_Child,.,.,236,1010,4.28,2.842
041006.cha,eng,Brown,CHI,4;10.06,female,.,.,.,Target_Child,.,.,261,981,3.759,3.095
041021.cha,eng,Brown,CHI,4;10.21,female,.,.,.,Target_Child,.,.,223,755,3.386,2.34
041027.cha,eng,Brown,CHI,4;10.27,female,.,.,.,Target_Child,.,.,230,953,4.143,2.856
041104.cha,eng,Brown,CHI,4;11.04,female,.,.,.,Target_Child,.,.,185,713,3.854,2.975
041113.cha,eng,Brown,CHI,4;11.13,female,.,.,.,Target_Child,.,.,219,960,4.384,3.152
041119.cha,eng,Brown,CHI,4;11.19,female,.,.,.,Target_Child,.,.,226,849,3.757,2.828
041126.cha,eng,Brown,CHI,4;11.26,female,.,.,.,Target_Child,.,.,181,619,3.42,2.2
050002.cha,eng,Brown,CHI,5;00.02,female,.,.,.,Target_Child,.,.,224,803,3.585,2.389
050010.cha,eng,Brown,CHI,5;00.10,female,.,.,.,Target_Child,.,.,221,802,3.629,2.414
050016.cha,eng,Brown,CHI,5;00.16,female,.,.,.,Target_Child,.,.,250,928,3.712,2.604
050025.cha,eng,Brown,CHI,5;00.25,female,.,.,.,Target_Child,.,.,251,900,3.586,2.323
050030.cha,eng,Brown,CHI,5;00.30,female,.,.,.,Target_Child,.,.,267,1106,4.142,2.956
050106.cha,eng,Brown,CHI,5;01.06,female,.,.,.,Target_Child,.,.,193,652,3.378,2.419
