File,Most Common Function Words,Function Word Proportion
010600.ipcore.cex,[],0.0
010700.ipcore.cex,[],0.0
010800.ipcore.cex,[],0.0
011000.ipcore.cex,"[('prep', 1)]",0.008333333333333333
011100.ipcore.cex,[],0.0
020000.ipcore.cex,"[('conj', 1)]",0.007462686567164179
020100.ipcore.cex,"[('prep', 2)]",0.015625
020200.ipcore.cex,"[('prep', 6)]",0.037267080745341616
020300.ipcore.cex,"[('prep', 4)]",0.02666666666666667
020400.ipcore.cex,"[('prep', 1)]",0.006329113924050633
020500.ipcore.cex,"[('conj', 1)]",0.007042253521126761
