File,Language,Corpus,Code,Age,Sex,Group,Race,SES,Role,Education,Custom_field,#utterances,#morphemes,morphemes/utterances,Standard deviation
010600.ipcore.cex,.,.,*CHI:,.,.,.,.,.,.,.,.,49,61,1.245,0.554
010700.ipcore.cex,.,.,*CHI:,.,.,.,.,.,.,.,.,50,55,1.1,0.3
010800.ipcore.cex,.,.,*CHI:,.,.,.,.,.,.,.,.,49,60,1.224,0.763
011000.ipcore.cex,.,.,*CHI:,.,.,.,.,.,.,.,.,50,75,1.5,1.005
011100.ipcore.cex,.,.,*CHI:,.,.,.,.,.,.,.,.,50,89,1.78,0.986
020000.ipcore.cex,.,.,*CHI:,.,.,.,.,.,.,.,.,50,84,1.68,0.882
020100.ipcore.cex,.,.,*CHI:,.,.,.,.,.,.,.,.,50,78,1.56,0.779
020200.ipcore.cex,.,.,*CHI:,.,.,.,.,.,.,.,.,50,121,2.42,1.218
020300.ipcore.cex,.,.,*CHI:,.,.,.,.,.,.,.,.,50,113,2.26,1.23
020400.ipcore.cex,.,.,*CHI:,.,.,.,.,.,.,.,.,50,113,2.26,1.339
020500.ipcore.cex,.,.,*CHI:,.,.,.,.,.,.,.,.,50,104,2.08,1.181
