File,Language,Corpus,Code,Age,Sex,Group,Race,SES,Role,Education,Custom_field,#utterances,#morphemes,morphemes/utterances,Standard deviation
010600.cha,zho,TCCM,CHI,1;06.,.,.,.,.,Target_Child,.,.,444,589,1.327,0.684
010700.cha,zho,TCCM,CHI,1;07.,.,.,.,.,Target_Child,.,.,338,383,1.133,0.348
010800.cha,zho,TCCM,CHI,1;08.,.,.,.,.,Target_Child,.,.,211,254,1.204,0.56
011000.cha,zho,TCCM,CHI,1;10.,.,.,.,.,Target_Child,.,.,240,309,1.288,0.643
011100.cha,zho,TCCM,CHI,1;11.,.,.,.,.,Target_Child,.,.,220,358,1.627,0.999
020000.cha,zho,TCCM,CHI,1;11.,.,.,.,.,Target_Child,.,.,188,321,1.707,0.942
020100.cha,zho,TCCM,CHI,2;00.,.,.,.,.,Target_Child,.,.,193,336,1.741,0.93
020200.cha,zho,TCCM,CHI,2;02.,.,.,.,.,Target_Child,.,.,215,476,2.214,1.133
020300.cha,zho,TCCM,CHI,2;03.,.,.,.,.,Target_Child,.,.,196,402,2.051,1.215
020400.cha,zho,TCCM,CHI,2;04.,.,.,.,.,Target_Child,.,.,204,408,2,1.249
020500.cha,zho,TCCM,CHI,2;05.,.,.,.,.,Target_Child,.,.,195,451,2.313,1.347
