File,Language,Corpus,Code,Age,Sex,Group,Race,SES,Role,Education,Custom_field,#utterances,#morphemes,morphemes/utterances,Standard deviation
10002.cha,fra,Lyon,CHI,1;00.02,female,.,.,.,Target_Child,.,.,296,785,2.652,2.487
10002a.cha,fra,Lyon,CHI,1;00.02,female,.,.,.,Target_Child,.,.,26,27,1.038,0.192
10002b.cha,fra,Lyon,CHI,1;00.02,female,.,.,.,Target_Child,.,.,21,21,1,0
10023a.cha,fra,Lyon,CHI,1;00.23,female,.,.,.,Target_Child,.,.,20,20,1,0
10023b.cha,fra,Lyon,CHI,1;00.23,female,.,.,.,Target_Child,.,.,3,4,1.333,0.471
10116a.cha,fra,Lyon,CHI,1;01.16,female,.,.,.,Target_Child,.,.,51,51,1,0
10116b.cha,fra,Lyon,CHI,1;01.16,female,.,.,.,Target_Child,.,.,80,90,1.125,0.913
10128a.cha,fra,Lyon,CHI,1;01.28,female,.,.,.,Target_Child,.,.,24,28,1.167,0.624
10128b.cha,fra,Lyon,CHI,1;01.28,female,.,.,.,Target_Child,.,.,32,56,1.75,1.887
10211a.cha,fra,Lyon,CHI,1;02.11,female,.,.,.,Target_Child,.,.,27,27,1,0
10211b.cha,fra,Lyon,CHI,1;02.11,female,.,.,.,Target_Child,.,.,17,17,1,0
10227a.cha,fra,Lyon,CHI,1;02.27,female,.,.,.,Target_Child,.,.,24,31,1.292,0.455
10227b.cha,fra,Lyon,CHI,1;02.27,female,.,.,.,Target_Child,.,.,10,17,1.7,1.005
10510a.cha,fra,Lyon,CHI,1;05.10,female,.,.,.,Target_Child,.,.,12,12,1,0
10510b.cha,fra,Lyon,CHI,1;05.10,female,.,.,.,Target_Child,.,.,51,61,1.196,0.525
10524a.cha,fra,Lyon,CHI,1;05.24,female,.,.,.,Target_Child,.,.,80,128,1.6,0.943
10524b.cha,fra,Lyon,CHI,1;05.24,female,.,.,.,Target_Child,.,.,56,67,1.196,0.479
10610a.cha,fra,Lyon,CHI,1;06.10,female,.,.,.,Target_Child,.,.,29,40,1.379,0.552
10610b.cha,fra,Lyon,CHI,1;06.10,female,.,.,.,Target_Child,.,.,53,54,1.019,0.136
10622a.cha,fra,Lyon,CHI,1;06.22,female,.,.,.,Target_Child,.,.,77,107,1.39,0.627
10622b.cha,fra,Lyon,CHI,1;06.22,female,.,.,.,Target_Child,.,.,67,79,1.179,0.486
10712a.cha,fra,Lyon,CHI,1;07.12,female,.,.,.,Target_Child,.,.,45,71,1.578,0.906
10712b.cha,fra,Lyon,CHI,1;07.12,female,.,.,.,Target_Child,.,.,92,153,1.663,1.116
10726b.cha,fra,Lyon,CHI,1;07.26,female,.,.,.,Target_Child,.,.,49,66,1.347,0.716
10819a.cha,fra,Lyon,CHI,1;08.19,female,.,.,.,Target_Child,.,.,85,152,1.788,0.971
10819b.cha,fra,Lyon,CHI,1;08.19,female,.,.,.,Target_Child,.,.,77,154,2,2.045
10909a.cha,fra,Lyon,CHI,1;09.09,female,.,.,.,Target_Child,.,.,77,122,1.584,1.061
10909b.cha,fra,Lyon,CHI,1;09.09,female,.,.,.,Target_Child,.,.,78,89,1.141,0.445
11000a.cha,fra,Lyon,CHI,1;10.,female,.,.,.,Target_Child,.,.,185,318,1.719,0.797
11000b.cha,fra,Lyon,CHI,1;10.,female,.,.,.,Target_Child,.,.,179,291,1.626,0.805
11011a.cha,fra,Lyon,CHI,1;10.11,female,.,.,.,Target_Child,.,.,150,262,1.747,1.04
11011b.cha,fra,Lyon,CHI,1;10.11,female,.,.,.,Target_Child,.,.,179,282,1.575,0.858
11023a.cha,fra,Lyon,CHI,1;10.23,female,.,.,.,Target_Child,.,.,209,408,1.952,1.651
11023b.cha,fra,Lyon,CHI,1;10.23,female,.,.,.,Target_Child,.,.,190,387,2.037,1.652
11111a.cha,fra,Lyon,CHI,1;11.11,female,.,.,.,Target_Child,.,.,190,365,1.921,1.151
11111b.cha,fra,Lyon,CHI,1;11.11,female,.,.,.,Target_Child,.,.,84,168,2,1.035
11125a.cha,fra,Lyon,CHI,1;11.25,female,.,.,.,Target_Child,.,.,233,380,1.631,0.927
11125b.cha,fra,Lyon,CHI,1;11.25,female,.,.,.,Target_Child,.,.,157,299,1.904,1.172
20008a.cha,fra,Lyon,CHI,2;00.08,female,.,.,.,Target_Child,.,.,218,394,1.807,1.062
20008b.cha,fra,Lyon,CHI,2;00.08,female,.,.,.,Target_Child,.,.,154,274,1.779,1.218
20028a.cha,fra,Lyon,CHI,2;00.28,female,.,.,.,Target_Child,.,.,135,272,2.015,1.288
20028b.cha,fra,Lyon,CHI,2;00.28,female,.,.,.,Target_Child,.,.,150,361,2.407,1.558
20113a.cha,fra,Lyon,CHI,2;01.13,female,.,.,.,Target_Child,.,.,233,511,2.193,1.427
20113b.cha,fra,Lyon,CHI,2;01.13,female,.,.,.,Target_Child,.,.,193,396,2.052,1.357
20217a.cha,fra,Lyon,CHI,2;02.17,female,.,.,.,Target_Child,.,.,221,431,1.95,1.396
20217b.cha,fra,Lyon,CHI,2;02.17,female,.,.,.,Target_Child,.,.,135,222,1.644,1.029
20229a.cha,fra,Lyon,CHI,2;02.29,female,.,.,.,Target_Child,.,.,237,572,2.414,1.413
20229b.cha,fra,Lyon,CHI,2;02.29,female,.,.,.,Target_Child,.,.,134,324,2.418,1.508
20501a.cha,fra,Lyon,CHI,2;05.01,female,.,.,.,Target_Child,.,.,292,781,2.675,2.01
20501b.cha,fra,Lyon,CHI,2;05.01,female,.,.,.,Target_Child,.,.,168,482,2.869,2.08
20516a.cha,fra,Lyon,CHI,2;05.16,female,.,.,.,Target_Child,.,.,219,562,2.566,2.327
20516b.cha,fra,Lyon,CHI,2;05.16,female,.,.,.,Target_Child,.,.,208,635,3.053,2.376
20600a.cha,fra,Lyon,CHI,2;06.,female,.,.,.,Target_Child,.,.,234,607,2.594,2.383
20600b.cha,fra,Lyon,CHI,2;06.,female,.,.,.,Target_Child,.,.,144,323,2.243,1.604
20614a.cha,fra,Lyon,CHI,2;06.14,female,.,.,.,Target_Child,.,.,235,774,3.294,2.277
20614b.cha,fra,Lyon,CHI,2;06.14,female,.,.,.,Target_Child,.,.,213,699,3.282,2.662
20716a.cha,fra,Lyon,CHI,2;07.16,female,.,.,.,Target_Child,.,.,250,603,2.412,1.948
20716b.cha,fra,Lyon,CHI,2;07.16,female,.,.,.,Target_Child,.,.,248,619,2.496,2.274
20814a.cha,fra,Lyon,CHI,2;08.14,female,.,.,.,Target_Child,.,.,218,654,3,2.33
20814b.cha,fra,Lyon,CHI,2;08.14,female,.,.,.,Target_Child,.,.,186,512,2.753,2.345
20900a.cha,fra,Lyon,CHI,2;09.,female,.,.,.,Target_Child,.,.,187,603,3.225,2.559
20900b.cha,fra,Lyon,CHI,2;09.,female,.,.,.,Target_Child,.,.,176,664,3.773,3.392
20906a.cha,fra,Lyon,CHI,2;09.06,female,.,.,.,Target_Child,.,.,201,703,3.498,3.023
20906b.cha,fra,Lyon,CHI,2;09.06,female,.,.,.,Target_Child,.,.,236,937,3.97,3.272
20927a.cha,fra,Lyon,CHI,2;09.27,female,.,.,.,Target_Child,.,.,241,728,3.021,2.482
20927b.cha,fra,Lyon,CHI,2;09.27,female,.,.,.,Target_Child,.,.,196,607,3.097,2.586
21024a.cha,fra,Lyon,CHI,2;10.24,female,.,.,.,Target_Child,.,.,232,713,3.073,2.637
21024b.cha,fra,Lyon,CHI,2;10.24,female,.,.,.,Target_Child,.,.,249,939,3.771,3.189
21114a.cha,fra,Lyon,CHI,2;11.14,female,.,.,.,Target_Child,.,.,186,537,2.887,2.74
21114b.cha,fra,Lyon,CHI,2;11.14,female,.,.,.,Target_Child,.,.,259,775,2.992,2.648
30102a.cha,fra,Lyon,CHI,3;01.02,female,.,.,.,Target_Child,.,.,175,618,3.531,3.124
30208a.cha,fra,Lyon,CHI,3;02.08,female,.,.,.,Target_Child,.,.,210,997,4.748,4.367
30208b.cha,fra,Lyon,CHI,3;02.08,female,.,.,.,Target_Child,.,.,102,339,3.324,2.716
30223a.cha,fra,Lyon,CHI,3;02.23,female,.,.,.,Target_Child,.,.,234,843,3.603,3.195
30223b.cha,fra,Lyon,CHI,3;02.23,female,.,.,.,Target_Child,.,.,209,877,4.196,3.443
30521a.cha,fra,Lyon,CHI,3;05.21,female,.,.,.,Target_Child,.,.,149,572,3.839,2.544
30521b.cha,fra,Lyon,CHI,3;05.21,female,.,.,.,Target_Child,.,.,145,660,4.552,3.257
30619a.cha,fra,Lyon,CHI,3;06.19,female,.,.,.,Target_Child,.,.,118,415,3.517,2.654
30619b.cha,fra,Lyon,CHI,3;06.19,female,.,.,.,Target_Child,.,.,195,763,3.913,3.199
30716a.cha,fra,Lyon,CHI,3;07.16,female,.,.,.,Target_Child,.,.,138,508,3.681,2.787
30716b.cha,fra,Lyon,CHI,3;07.16,female,.,.,.,Target_Child,.,.,154,620,4.026,3.344
30904a.cha,fra,Lyon,CHI,3;09.04,female,.,.,.,Target_Child,.,.,174,805,4.626,3.532
30904b.cha,fra,Lyon,CHI,3;09.04,female,.,.,.,Target_Child,.,.,196,673,3.434,2.304
31108a.cha,fra,Lyon,CHI,3;11.08,female,.,.,.,Target_Child,.,.,135,496,3.674,2.969
31108b.cha,fra,Lyon,CHI,3;11.08,female,.,.,.,Target_Child,.,.,139,530,3.813,3.282
40005a.cha,fra,Lyon,CHI,4;00.05,female,.,.,.,Target_Child,.,.,187,682,3.647,2.758
40005b.cha,fra,Lyon,CHI,4;00.05,female,.,.,.,Target_Child,.,.,188,751,3.995,2.913
40005c.cha,fra,Lyon,CHI,4;00.05,female,.,.,.,Target_Child,.,.,258,1088,4.217,3.079
