File,Language,Corpus,Code,Age,Sex,Group,Race,SES,Role,Education,Custom_field,#utterances,#morphemes,morphemes/utterances,Standard deviation
030600.ipcore-100.cex,.,.,*CHI:,.,.,.,.,.,.,.,.,100,283,2.83,1.625
030800.ipcore-100.cex,.,.,*CHI:,.,.,.,.,.,.,.,.,99,315,3.182,1.987
030900.ipcore-100.cex,.,.,*CHI:,.,.,.,.,.,.,.,.,99,326,3.293,1.736
031000.ipcore-100.cex,.,.,*CHI:,.,.,.,.,.,.,.,.,100,391,3.91,2.542
031100.ipcore-100.cex,.,.,*CHI:,.,.,.,.,.,.,.,.,100,289,2.89,1.593
040000.ipcore-100.cex,.,.,*CHI:,.,.,.,.,.,.,.,.,100,312,3.12,1.614
040100.ipcore-100.cex,.,.,*CHI:,.,.,.,.,.,.,.,.,100,352,3.52,2.423
040200.ipcore-100.cex,.,.,*CHI:,.,.,.,.,.,.,.,.,100,305,3.05,1.972
040300.ipcore-100.cex,.,.,*CHI:,.,.,.,.,.,.,.,.,99,307,3.101,2.115
