File,Language,Corpus,Code,Age,Sex,Group,Race,SES,Role,Education,Custom_field,#utterances,#morphemes,morphemes/utterances,Standard deviation
030600.cha,zho,TCCM,CHI,3;06.,.,.,.,.,Target_Child,.,.,754,2029,2.691,1.841
030800.cha,zho,TCCM,CHI,3;08.,.,.,.,.,Target_Child,.,.,264,768,2.909,1.743
030900.cha,zho,TCCM,CHI,3;09.,.,.,.,.,Target_Child,.,.,241,706,2.929,1.733
031000.cha,zho,TCCM,CHI,3;10.,.,.,.,.,Target_Child,.,.,212,692,3.264,2.242
031100.cha,zho,TCCM,CHI,3;11.,.,.,.,.,Target_Child,.,.,237,682,2.878,1.711
040000.cha,zho,TCCM,CHI,3;11.,.,.,.,.,Target_Child,.,.,232,726,3.129,1.781
040100.cha,zho,TCCM,CHI,4;01.,.,.,.,.,Target_Child,.,.,224,744,3.321,2.241
040200.cha,zho,TCCM,CHI,4;02.,.,.,.,.,Target_Child,.,.,225,679,3.018,1.966
040300.cha,zho,TCCM,CHI,4;03.,.,.,.,.,Target_Child,.,.,215,682,3.172,2.074
