File,Language,Corpus,Code,Age,Sex,Group,Race,SES,Role,Education,Custom_field,#utterances,#morphemes,morphemes/utterances,Standard deviation
030600.ipcore.cex,.,.,*CHI:,.,.,.,.,.,.,.,.,50,124,2.48,1.486
030800.ipcore.cex,.,.,*CHI:,.,.,.,.,.,.,.,.,49,143,2.918,1.652
030900.ipcore.cex,.,.,*CHI:,.,.,.,.,.,.,.,.,49,168,3.429,1.75
031000.ipcore.cex,.,.,*CHI:,.,.,.,.,.,.,.,.,50,170,3.4,2
031100.ipcore.cex,.,.,*CHI:,.,.,.,.,.,.,.,.,50,142,2.84,1.641
040000.ipcore.cex,.,.,*CHI:,.,.,.,.,.,.,.,.,50,141,2.82,1.645
040100.ipcore.cex,.,.,*CHI:,.,.,.,.,.,.,.,.,50,164,3.28,2.341
040200.ipcore.cex,.,.,*CHI:,.,.,.,.,.,.,.,.,50,155,3.1,1.952
040300.ipcore.cex,.,.,*CHI:,.,.,.,.,.,.,.,.,50,142,2.84,1.859
