Folder,File,IPSyn Score
Kuczaj,020424.cha,42
Kuczaj,020500.cha,50
Kuczaj,020507.cha,47
Kuczaj,020510.cha,42
Kuczaj,020514.cha,39
Kuczaj,020520.cha,39
Kuczaj,020522.cha,29
Kuczaj,020523.cha,34
Kuczaj,020526.cha,55
Kuczaj,020529.cha,32
Kuczaj,020604.cha,38
Kuczaj,020606.cha,40
Kuczaj,020610.cha,44
Kuczaj,020614a.cha,42
Kuczaj,020614c.cha,45
Kuczaj,020618.cha,47
Kuczaj,020700.cha,47
Kuczaj,020704.cha,47
Kuczaj,020707.cha,46
Kuczaj,020711.cha,41
Kuczaj,020714.cha,41
Kuczaj,020715.cha,43
Kuczaj,020718.cha,42
Kuczaj,020726.cha,43
Kuczaj,020801.cha,43
Kuczaj,020806.cha,44
Kuczaj,020808.cha,40
Kuczaj,020814.cha,57
Kuczaj,020818.cha,47
Kuczaj,020822.cha,48
Kuczaj,020825.cha,56
Kuczaj,020829.cha,43
Kuczaj,020901.cha,60
Kuczaj,020905.cha,43
Kuczaj,020908.cha,50
Kuczaj,020911.cha,47
Kuczaj,020916.cha,54
Kuczaj,020919.cha,49
Kuczaj,020923.cha,52
Kuczaj,020927.cha,48
Kuczaj,020930.cha,39
Kuczaj,021003.cha,44
Kuczaj,021006.cha,53
Kuczaj,021007.cha,54
Kuczaj,021012.cha,39
Kuczaj,021015.cha,49
Kuczaj,021020.cha,37
Kuczaj,021022.cha,59
Kuczaj,021027.cha,52
Kuczaj,021030.cha,58
Kuczaj,021102.cha,48
Kuczaj,021106.cha,52
Kuczaj,021110.cha,58
Kuczaj,021113.cha,53
Kuczaj,021118.cha,46
Kuczaj,021121.cha,56
Kuczaj,021125.cha,54
Kuczaj,021130.cha,64
Kuczaj,030007.cha,55
Kuczaj,030016.cha,64
Kuczaj,030025.cha,64
Kuczaj,030029.cha,63
Kuczaj,030101.cha,56
Kuczaj,030105.cha,61
Kuczaj,030108.cha,67
Kuczaj,030111.cha,46
Kuczaj,030115.cha,63
Kuczaj,030118.cha,53
Kuczaj,030122.cha,67
Kuczaj,030126.cha,51
Kuczaj,030128.cha,55
Kuczaj,030201.cha,59
Kuczaj,030205.cha,61
Kuczaj,030207.cha,57
Kuczaj,030209.cha,57
Kuczaj,030218.cha,60
Kuczaj,030221.cha,56
Kuczaj,030226.cha,64
Kuczaj,030229.cha,59
Kuczaj,030301.cha,56
Kuczaj,030304.cha,53
Kuczaj,030308.cha,63
Kuczaj,030311.cha,56
Kuczaj,030315.cha,57
Kuczaj,030318.cha,61
Kuczaj,030325.cha,67
Kuczaj,030328.cha,67
Kuczaj,030401.cha,60
Kuczaj,030404.cha,69
Kuczaj,030408.cha,63
Kuczaj,030412.cha,61
Kuczaj,030415.cha,59
Kuczaj,030419a.cha,59
Kuczaj,030419b.cha,63
Kuczaj,030426.cha,60
Kuczaj,030430.cha,57
Kuczaj,030503.cha,60
Kuczaj,030506.cha,57
Kuczaj,030513.cha,64
Kuczaj,030517.cha,57
Kuczaj,030523.cha,57
Kuczaj,030524.cha,64
Kuczaj,030529.cha,65
Kuczaj,030603.cha,53
Kuczaj,030604.cha,64
Kuczaj,030610.cha,64
Kuczaj,030613.cha,57
Kuczaj,030616.cha,56
Kuczaj,030619.cha,54
Kuczaj,030622.cha,65
Kuczaj,030626.cha,64
Kuczaj,030629.cha,58
Kuczaj,030704.cha,66
Kuczaj,030705.cha,64
Kuczaj,030715.cha,64
Kuczaj,030721.cha,66
Kuczaj,030722.cha,65
Kuczaj,030728.cha,63
Kuczaj,030801.cha,61
Kuczaj,030805.cha,71
Kuczaj,030808.cha,62
Kuczaj,030811.cha,67
Kuczaj,030816.cha,59
Kuczaj,030817.cha,62
Kuczaj,030821.cha,62
Kuczaj,030823.cha,70
Kuczaj,030828.cha,63
Kuczaj,030900.cha,57
Kuczaj,030905.cha,62
Kuczaj,030906.cha,60
Kuczaj,030912.cha,69
Kuczaj,030914.cha,65
Kuczaj,030919.cha,65
Kuczaj,030923.cha,59
Kuczaj,030925.cha,64
Kuczaj,030927.cha,60
Kuczaj,031003.cha,67
Kuczaj,031007.cha,68
Kuczaj,031009.cha,62
Kuczaj,031014.cha,63
Kuczaj,031015.cha,58
Kuczaj,031018.cha,57
Kuczaj,031025.cha,68
Kuczaj,031100.cha,59
Kuczaj,031102.cha,62
Kuczaj,031106.cha,70
Kuczaj,031111.cha,69
Kuczaj,031112.cha,58
Kuczaj,031116.cha,65
Kuczaj,031125.cha,65
Kuczaj,040003.cha,61
Kuczaj,040015.cha,67
Kuczaj,040016.cha,63
Kuczaj,040025.cha,67
Kuczaj,040100.cha,66
Kuczaj,040105.cha,63
Kuczaj,040109.cha,67
Kuczaj,040115.cha,65
Kuczaj,040120.cha,57
Kuczaj,040124.cha,73
Kuczaj,040129.cha,61
Kuczaj,040202.cha,71
Kuczaj,040209.cha,59
Kuczaj,040213.cha,73
Kuczaj,040219.cha,74
Kuczaj,040224.cha,57
Kuczaj,040301.cha,66
Kuczaj,040307.cha,66
Kuczaj,040311.cha,63
Kuczaj,040315.cha,65
Kuczaj,040321.cha,69
Kuczaj,040401.cha,60
Kuczaj,040404.cha,55
Kuczaj,040421.cha,65
Kuczaj,040514.cha,68
Kuczaj,040520.cha,67
Kuczaj,040528.cha,63
Kuczaj,040601.cha,60
Kuczaj,040605.cha,63
Kuczaj,040612.cha,60
Kuczaj,040614.cha,67
Kuczaj,040619.cha,62
Kuczaj,040627.cha,67
Kuczaj,040703.cha,74
Kuczaj,040705.cha,71
Kuczaj,040711.cha,57
Kuczaj,040800.cha,67
Kuczaj,040802.cha,64
Kuczaj,040807.cha,67
Kuczaj,040814.cha,64
Kuczaj,040820.cha,66
Kuczaj,040827.cha,55
Kuczaj,040900.cha,67
Kuczaj,040912.cha,66
Kuczaj,040919.cha,70
Kuczaj,040924.cha,61
Kuczaj,041001.cha,59
Kuczaj,041009.cha,64
Kuczaj,041015.cha,60
Kuczaj,041022.cha,64
Kuczaj,041029.cha,61
Kuczaj,041105.cha,67
Kuczaj,041113.cha,66
Kuczaj,041121.cha,65
Kuczaj,041127.cha,69
Kuczaj,050004.cha,60
Kuczaj,050011.cha,65
