File,Language,Corpus,Code,Age,Sex,Group,Race,SES,Role,Education,Custom_field,#utterances,#morphemes,morphemes/utterances,Standard deviation
020424.cha,eng,Kuczaj,CHI,2;04.24,male,TD,.,.,Target_Child,.,.,57,205,3.596,1.844
020500.cha,eng,Kuczaj,CHI,2;05.,male,TD,.,.,Target_Child,.,.,74,261,3.527,2.145
020507.cha,eng,Kuczaj,CHI,2;05.07,male,TD,.,.,Target_Child,.,.,101,366,3.624,2.26
020510.cha,eng,Kuczaj,CHI,2;05.10,male,TD,.,.,Target_Child,.,.,56,204,3.643,1.575
020514.cha,eng,Kuczaj,CHI,2;05.14,male,TD,.,.,Target_Child,.,.,129,435,3.372,1.77
020516.cha,eng,Kuczaj,CHI,2;05.16,male,TD,.,.,Target_Child,.,.,38,144,3.789,1.417
020520.cha,eng,Kuczaj,CHI,2;05.20,male,TD,.,.,Target_Child,.,.,110,367,3.336,2.116
020522.cha,eng,Kuczaj,CHI,2;05.22,male,TD,.,.,Target_Child,.,.,87,241,2.77,1.588
020523.cha,eng,Kuczaj,CHI,2;05.23,male,TD,.,.,Target_Child,.,.,96,350,3.646,1.843
020526.cha,eng,Kuczaj,CHI,2;05.26,male,TD,.,.,Target_Child,.,.,76,385,5.066,2.009
020529.cha,eng,Kuczaj,CHI,2;05.29,male,TD,.,.,Target_Child,.,.,127,521,4.102,1.826
020604.cha,eng,Kuczaj,CHI,2;06.04,male,TD,.,.,Target_Child,.,.,73,285,3.904,1.867
020606.cha,eng,Kuczaj,CHI,2;06.06,male,TD,.,.,Target_Child,.,.,129,492,3.814,2.116
020610.cha,eng,Kuczaj,CHI,2;06.10,male,TD,.,.,Target_Child,.,.,113,497,4.398,1.962
020614a.cha,eng,Kuczaj,CHI,2;06.14,male,TD,.,.,Target_Child,.,.,124,501,4.04,1.961
020614b.cha,eng,Kuczaj,CHI,2;06.14,male,TD,.,.,Target_Child,.,.,49,198,4.041,1.979
020614c.cha,eng,Kuczaj,CHI,2;06.14,male,TD,.,.,Target_Child,.,.,141,671,4.759,2.247
020618.cha,eng,Kuczaj,CHI,2;06.18,male,TD,.,.,Target_Child,.,.,121,576,4.76,2.201
020700.cha,eng,Kuczaj,CHI,2;07.,male,TD,.,.,Target_Child,.,.,207,928,4.483,2.29
020704.cha,eng,Kuczaj,CHI,2;07.04,male,TD,.,.,Target_Child,.,.,120,493,4.108,2.39
020707.cha,eng,Kuczaj,CHI,2;07.07,male,TD,.,.,Target_Child,.,.,213,1067,5.009,3.119
020711.cha,eng,Kuczaj,CHI,2;07.11,male,TD,.,.,Target_Child,.,.,254,1005,3.957,2.822
020714.cha,eng,Kuczaj,CHI,2;07.14,male,TD,.,.,Target_Child,.,.,112,503,4.491,2.36
020715.cha,eng,Kuczaj,CHI,2;07.15,male,TD,.,.,Target_Child,.,.,195,839,4.303,2.537
020718.cha,eng,Kuczaj,CHI,2;07.18,male,TD,.,.,Target_Child,.,.,103,452,4.388,2.291
020726.cha,eng,Kuczaj,CHI,2;07.26,male,TD,.,.,Target_Child,.,.,242,983,4.062,2.48
020801.cha,eng,Kuczaj,CHI,2;08.01,male,TD,.,.,Target_Child,.,.,229,1127,4.921,3.046
020806.cha,eng,Kuczaj,CHI,2;08.06,male,TD,.,.,Target_Child,.,.,155,684,4.413,2.401
020808.cha,eng,Kuczaj,CHI,2;08.08,male,TD,.,.,Target_Child,.,.,168,848,5.048,2.561
020814.cha,eng,Kuczaj,CHI,2;08.14,male,TD,.,.,Target_Child,.,.,199,937,4.709,2.898
020818.cha,eng,Kuczaj,CHI,2;08.18,male,TD,.,.,Target_Child,.,.,162,837,5.167,3.864
020822.cha,eng,Kuczaj,CHI,2;08.22,male,TD,.,.,Target_Child,.,.,215,965,4.488,2.504
020825.cha,eng,Kuczaj,CHI,2;08.25,male,TD,.,.,Target_Child,.,.,205,1030,5.024,2.869
020829.cha,eng,Kuczaj,CHI,2;08.29,male,TD,.,.,Target_Child,.,.,178,755,4.242,2.905
020901.cha,eng,Kuczaj,CHI,2;09.01,male,TD,.,.,Target_Child,.,.,158,729,4.614,2.693
020905.cha,eng,Kuczaj,CHI,2;09.05,male,TD,.,.,Target_Child,.,.,200,970,4.85,2.839
020908.cha,eng,Kuczaj,CHI,2;09.08,male,TD,.,.,Target_Child,.,.,105,583,5.552,3.335
020911.cha,eng,Kuczaj,CHI,2;09.11,male,TD,.,.,Target_Child,.,.,149,700,4.698,2.402
020916.cha,eng,Kuczaj,CHI,2;09.16,male,TD,.,.,Target_Child,.,.,176,948,5.386,2.293
020919.cha,eng,Kuczaj,CHI,2;09.19,male,TD,.,.,Target_Child,.,.,120,518,4.317,3.041
020923.cha,eng,Kuczaj,CHI,2;09.23,male,TD,.,.,Target_Child,.,.,179,815,4.553,3.053
020927.cha,eng,Kuczaj,CHI,2;09.27,male,TD,.,.,Target_Child,.,.,162,704,4.346,2.833
020930.cha,eng,Kuczaj,CHI,2;09.30,male,TD,.,.,Target_Child,.,.,233,1082,4.644,3.606
021003.cha,eng,Kuczaj,CHI,2;10.03,male,TD,.,.,Target_Child,.,.,202,961,4.757,2.821
021006.cha,eng,Kuczaj,CHI,2;10.06,male,TD,.,.,Target_Child,.,.,199,960,4.824,2.944
021007.cha,eng,Kuczaj,CHI,2;10.07,male,TD,.,.,Target_Child,.,.,189,957,5.063,2.761
021012.cha,eng,Kuczaj,CHI,2;10.12,male,TD,.,.,Target_Child,.,.,249,833,3.345,2.093
021015.cha,eng,Kuczaj,CHI,2;10.15,male,TD,.,.,Target_Child,.,.,215,1027,4.777,2.714
021020.cha,eng,Kuczaj,CHI,2;10.20,male,TD,.,.,Target_Child,.,.,204,946,4.637,2.313
021022.cha,eng,Kuczaj,CHI,2;10.22,male,TD,.,.,Target_Child,.,.,256,1213,4.738,3.497
021027.cha,eng,Kuczaj,CHI,2;10.27,male,TD,.,.,Target_Child,.,.,274,1050,3.832,2.451
021030.cha,eng,Kuczaj,CHI,2;10.30,male,TD,.,.,Target_Child,.,.,296,1344,4.541,2.767
021102.cha,eng,Kuczaj,CHI,2;11.02,male,TD,.,.,Target_Child,.,.,317,1085,3.423,2.173
021106.cha,eng,Kuczaj,CHI,2;11.06,male,TD,.,.,Target_Child,.,.,201,952,4.736,2.774
021110.cha,eng,Kuczaj,CHI,2;11.10,male,TD,.,.,Target_Child,.,.,208,981,4.716,3.09
021113.cha,eng,Kuczaj,CHI,2;11.13,male,TD,.,.,Target_Child,.,.,277,1258,4.542,2.734
021118.cha,eng,Kuczaj,CHI,2;11.18,male,TD,.,.,Target_Child,.,.,205,898,4.38,2.64
021121.cha,eng,Kuczaj,CHI,2;11.21,male,TD,.,.,Target_Child,.,.,241,1213,5.033,2.891
021125.cha,eng,Kuczaj,CHI,2;11.25,male,TD,.,.,Target_Child,.,.,219,1078,4.922,2.867
021130.cha,eng,Kuczaj,CHI,2;11.30,male,TD,.,.,Target_Child,.,.,160,769,4.806,3.036
030007.cha,eng,Kuczaj,CHI,3;00.07,male,TD,.,.,Target_Child,.,.,137,689,5.029,2.744
030016.cha,eng,Kuczaj,CHI,3;00.16,male,TD,.,.,Target_Child,.,.,86,448,5.209,3.41
030025.cha,eng,Kuczaj,CHI,3;00.25,male,TD,.,.,Target_Child,.,.,199,1137,5.714,4.133
030029.cha,eng,Kuczaj,CHI,3;00.29,male,TD,.,.,Target_Child,.,.,240,1135,4.729,2.599
030101.cha,eng,Kuczaj,CHI,3;01.01,male,TD,.,.,Target_Child,.,.,188,940,5,2.903
030105.cha,eng,Kuczaj,CHI,3;01.05,male,TD,.,.,Target_Child,.,.,172,940,5.465,3.221
030108.cha,eng,Kuczaj,CHI,3;01.08,male,TD,.,.,Target_Child,.,.,191,946,4.953,3.209
030111.cha,eng,Kuczaj,CHI,3;01.11,male,TD,.,.,Target_Child,.,.,228,1106,4.851,3.184
030115.cha,eng,Kuczaj,CHI,3;01.15,male,TD,.,.,Target_Child,.,.,269,1351,5.022,3.404
030118.cha,eng,Kuczaj,CHI,3;01.18,male,TD,.,.,Target_Child,.,.,206,994,4.825,2.878
030122.cha,eng,Kuczaj,CHI,3;01.22,male,TD,.,.,Target_Child,.,.,184,1159,6.299,3.912
030126.cha,eng,Kuczaj,CHI,3;01.26,male,TD,.,.,Target_Child,.,.,172,851,4.948,3.183
030128.cha,eng,Kuczaj,CHI,3;01.28,male,TD,.,.,Target_Child,.,.,182,888,4.879,2.839
030201.cha,eng,Kuczaj,CHI,3;02.01,male,TD,.,.,Target_Child,.,.,203,1068,5.261,3.646
030205.cha,eng,Kuczaj,CHI,3;02.05,male,TD,.,.,Target_Child,.,.,187,1084,5.797,3.662
030207.cha,eng,Kuczaj,CHI,3;02.07,male,TD,.,.,Target_Child,.,.,189,971,5.138,3.461
030209.cha,eng,Kuczaj,CHI,3;02.09,male,TD,.,.,Target_Child,.,.,207,933,4.507,2.867
030218.cha,eng,Kuczaj,CHI,3;02.18,male,TD,.,.,Target_Child,.,.,208,1032,4.962,3.009
030221.cha,eng,Kuczaj,CHI,3;02.21,male,TD,.,.,Target_Child,.,.,179,916,5.117,2.654
030226.cha,eng,Kuczaj,CHI,3;02.26,male,TD,.,.,Target_Child,.,.,235,1247,5.306,2.705
030229.cha,eng,Kuczaj,CHI,3;02.29,male,TD,.,.,Target_Child,.,.,251,1375,5.478,3.043
030301.cha,eng,Kuczaj,CHI,3;03.01,male,TD,.,.,Target_Child,.,.,174,810,4.655,2.652
030304.cha,eng,Kuczaj,CHI,3;03.04,male,TD,.,.,Target_Child,.,.,159,912,5.736,4.048
030308.cha,eng,Kuczaj,CHI,3;03.08,male,TD,.,.,Target_Child,.,.,177,979,5.531,2.792
030311.cha,eng,Kuczaj,CHI,3;03.11,male,TD,.,.,Target_Child,.,.,183,1084,5.923,3.298
030315.cha,eng,Kuczaj,CHI,3;03.15,male,TD,.,.,Target_Child,.,.,151,842,5.576,2.768
030318.cha,eng,Kuczaj,CHI,3;03.18,male,TD,.,.,Target_Child,.,.,172,1041,6.052,3.893
030325.cha,eng,Kuczaj,CHI,3;03.25,male,TD,.,.,Target_Child,.,.,203,1204,5.931,3.327
030328.cha,eng,Kuczaj,CHI,3;03.28,male,TD,.,.,Target_Child,.,.,206,1235,5.995,2.97
030401.cha,eng,Kuczaj,CHI,3;04.01,male,TD,.,.,Target_Child,.,.,149,908,6.094,3.024
030404.cha,eng,Kuczaj,CHI,3;04.04,male,TD,.,.,Target_Child,.,.,203,1163,5.729,2.958
030408.cha,eng,Kuczaj,CHI,3;04.08,male,TD,.,.,Target_Child,.,.,218,1229,5.638,3.299
030412.cha,eng,Kuczaj,CHI,3;04.12,male,TD,.,.,Target_Child,.,.,164,942,5.744,2.868
030415.cha,eng,Kuczaj,CHI,3;04.15,male,TD,.,.,Target_Child,.,.,153,901,5.889,2.764
030419a.cha,eng,Kuczaj,CHI,3;04.19,male,TD,.,.,Target_Child,.,.,171,1028,6.012,3.149
030419b.cha,eng,Kuczaj,CHI,3;04.19,male,TD,.,.,Target_Child,.,.,145,877,6.048,2.812
030426.cha,eng,Kuczaj,CHI,3;04.26,male,TD,.,.,Target_Child,.,.,171,937,5.48,3.073
030430.cha,eng,Kuczaj,CHI,3;04.30,male,TD,.,.,Target_Child,.,.,140,688,4.914,2.912
030503.cha,eng,Kuczaj,CHI,3;05.03,male,TD,.,.,Target_Child,.,.,147,813,5.531,2.711
030506.cha,eng,Kuczaj,CHI,3;05.06,male,TD,.,.,Target_Child,.,.,136,748,5.5,3.218
030513.cha,eng,Kuczaj,CHI,3;05.13,male,TD,.,.,Target_Child,.,.,153,822,5.373,2.97
030517.cha,eng,Kuczaj,CHI,3;05.17,male,TD,.,.,Target_Child,.,.,191,936,4.901,3.096
030523.cha,eng,Kuczaj,CHI,3;05.23,male,TD,.,.,Target_Child,.,.,176,1023,5.813,3.25
030524.cha,eng,Kuczaj,CHI,3;05.24,male,TD,.,.,Target_Child,.,.,117,676,5.778,2.877
030529.cha,eng,Kuczaj,CHI,3;05.29,male,TD,.,.,Target_Child,.,.,141,863,6.121,3.71
030603.cha,eng,Kuczaj,CHI,3;06.03,male,TD,.,.,Target_Child,.,.,156,868,5.564,2.795
030604.cha,eng,Kuczaj,CHI,3;06.04,male,TD,.,.,Target_Child,.,.,185,1140,6.162,3.416
030610.cha,eng,Kuczaj,CHI,3;06.10,male,TD,.,.,Target_Child,.,.,156,825,5.288,2.739
030613.cha,eng,Kuczaj,CHI,3;06.13,male,TD,.,.,Target_Child,.,.,192,1109,5.776,2.744
030616.cha,eng,Kuczaj,CHI,3;06.16,male,TD,.,.,Target_Child,.,.,170,861,5.065,2.49
030619.cha,eng,Kuczaj,CHI,3;06.19,male,TD,.,.,Target_Child,.,.,163,889,5.454,3.036
030622.cha,eng,Kuczaj,CHI,3;06.22,male,TD,.,.,Target_Child,.,.,217,1197,5.516,3.168
030626.cha,eng,Kuczaj,CHI,3;06.26,male,TD,.,.,Target_Child,.,.,181,989,5.464,2.931
030629.cha,eng,Kuczaj,CHI,3;06.29,male,TD,.,.,Target_Child,.,.,159,903,5.679,2.789
030704.cha,eng,Kuczaj,CHI,3;07.04,male,TD,.,.,Target_Child,.,.,143,764,5.343,3.448
030705.cha,eng,Kuczaj,CHI,3;07.05,male,TD,.,.,Target_Child,.,.,188,1038,5.521,3.206
030715.cha,eng,Kuczaj,CHI,3;07.15,male,TD,.,.,Target_Child,.,.,127,726,5.717,3.484
030721.cha,eng,Kuczaj,CHI,3;07.21,male,TD,.,.,Target_Child,.,.,146,852,5.836,4.066
030722.cha,eng,Kuczaj,CHI,3;07.22,male,TD,.,.,Target_Child,.,.,157,829,5.28,3.308
030728.cha,eng,Kuczaj,CHI,3;07.28,male,TD,.,.,Target_Child,.,.,149,803,5.389,2.939
030801.cha,eng,Kuczaj,CHI,3;08.01,male,TD,.,.,Target_Child,.,.,165,954,5.782,3.045
030805.cha,eng,Kuczaj,CHI,3;08.05,male,TD,.,.,Target_Child,.,.,152,972,6.395,3.877
030808.cha,eng,Kuczaj,CHI,3;08.08,male,TD,.,.,Target_Child,.,.,172,938,5.453,3.298
030811.cha,eng,Kuczaj,CHI,3;08.11,male,TD,.,.,Target_Child,.,.,125,746,5.968,2.945
030816.cha,eng,Kuczaj,CHI,3;08.16,male,TD,.,.,Target_Child,.,.,169,920,5.444,2.788
030817.cha,eng,Kuczaj,CHI,3;08.17,male,TD,.,.,Target_Child,.,.,124,759,6.121,3.306
030821.cha,eng,Kuczaj,CHI,3;08.21,male,TD,.,.,Target_Child,.,.,158,979,6.196,2.673
030823.cha,eng,Kuczaj,CHI,3;08.23,male,TD,.,.,Target_Child,.,.,118,802,6.797,3.635
030828.cha,eng,Kuczaj,CHI,3;08.28,male,TD,.,.,Target_Child,.,.,157,972,6.191,2.774
030900.cha,eng,Kuczaj,CHI,3;09.,male,TD,.,.,Target_Child,.,.,126,718,5.698,2.697
030905.cha,eng,Kuczaj,CHI,3;09.05,male,TD,.,.,Target_Child,.,.,148,895,6.047,3.469
030906.cha,eng,Kuczaj,CHI,3;09.06,male,TD,.,.,Target_Child,.,.,112,598,5.339,2.914
030912.cha,eng,Kuczaj,CHI,3;09.12,male,TD,.,.,Target_Child,.,.,123,661,5.374,3.58
030914.cha,eng,Kuczaj,CHI,3;09.14,male,TD,.,.,Target_Child,.,.,134,699,5.216,3.247
030919.cha,eng,Kuczaj,CHI,3;09.19,male,TD,.,.,Target_Child,.,.,132,688,5.212,2.959
030923.cha,eng,Kuczaj,CHI,3;09.23,male,TD,.,.,Target_Child,.,.,110,609,5.536,3.365
030925.cha,eng,Kuczaj,CHI,3;09.25,male,TD,.,.,Target_Child,.,.,141,637,4.518,2.348
030927.cha,eng,Kuczaj,CHI,3;09.27,male,TD,.,.,Target_Child,.,.,121,701,5.793,3.104
031003.cha,eng,Kuczaj,CHI,3;10.03,male,TD,.,.,Target_Child,.,.,131,793,6.053,3.007
031007.cha,eng,Kuczaj,CHI,3;10.07,male,TD,.,.,Target_Child,.,.,183,1045,5.71,3.191
031009.cha,eng,Kuczaj,CHI,3;10.09,male,TD,.,.,Target_Child,.,.,124,783,6.315,4.339
031014.cha,eng,Kuczaj,CHI,3;10.14,male,TD,.,.,Target_Child,.,.,103,587,5.699,2.872
031015.cha,eng,Kuczaj,CHI,3;10.15,male,TD,.,.,Target_Child,.,.,155,840,5.419,3.033
031018.cha,eng,Kuczaj,CHI,3;10.18,male,TD,.,.,Target_Child,.,.,118,574,4.864,2.991
031025.cha,eng,Kuczaj,CHI,3;10.25,male,TD,.,.,Target_Child,.,.,144,800,5.556,3.208
031100.cha,eng,Kuczaj,CHI,3;11.,male,TD,.,.,Target_Child,.,.,169,946,5.598,2.966
031102.cha,eng,Kuczaj,CHI,3;11.02,male,TD,.,.,Target_Child,.,.,108,684,6.333,4.025
031106.cha,eng,Kuczaj,CHI,3;11.06,male,TD,.,.,Target_Child,.,.,146,887,6.075,3.535
031111.cha,eng,Kuczaj,CHI,3;11.11,male,TD,.,.,Target_Child,.,.,121,785,6.488,3.426
031112.cha,eng,Kuczaj,CHI,3;11.12,male,TD,.,.,Target_Child,.,.,159,910,5.723,2.637
031116.cha,eng,Kuczaj,CHI,3;11.16,male,TD,.,.,Target_Child,.,.,118,640,5.424,3.107
031125.cha,eng,Kuczaj,CHI,3;11.25,male,TD,.,.,Target_Child,.,.,118,661,5.602,2.943
040003.cha,eng,Kuczaj,CHI,4;00.03,male,TD,.,.,Target_Child,.,.,124,741,5.976,2.656
040015.cha,eng,Kuczaj,CHI,4;00.15,male,TD,.,.,Target_Child,.,.,79,485,6.139,3.31
040016.cha,eng,Kuczaj,CHI,4;00.16,male,TD,.,.,Target_Child,.,.,149,894,6,3.338
040025.cha,eng,Kuczaj,CHI,4;00.25,male,TD,.,.,Target_Child,.,.,122,857,7.025,3.679
040100.cha,eng,Kuczaj,CHI,4;01.,male,TD,.,.,Target_Child,.,.,149,1025,6.879,5.78
040105.cha,eng,Kuczaj,CHI,4;01.05,male,TD,.,.,Target_Child,.,.,113,622,5.504,2.58
040109.cha,eng,Kuczaj,CHI,4;01.09,male,TD,.,.,Target_Child,.,.,134,799,5.963,3.533
040115.cha,eng,Kuczaj,CHI,4;01.15,male,TD,.,.,Target_Child,.,.,121,785,6.488,3.199
040120.cha,eng,Kuczaj,CHI,4;01.20,male,TD,.,.,Target_Child,.,.,104,544,5.231,2.946
040124.cha,eng,Kuczaj,CHI,4;01.24,male,TD,.,.,Target_Child,.,.,114,709,6.219,3.428
040129.cha,eng,Kuczaj,CHI,4;01.29,male,TD,.,.,Target_Child,.,.,137,834,6.088,3.198
040202.cha,eng,Kuczaj,CHI,4;02.02,male,TD,.,.,Target_Child,.,.,116,718,6.19,3.121
040209.cha,eng,Kuczaj,CHI,4;02.09,male,TD,.,.,Target_Child,.,.,137,760,5.547,3.153
040213.cha,eng,Kuczaj,CHI,4;02.13,male,TD,.,.,Target_Child,.,.,110,636,5.782,2.846
040219.cha,eng,Kuczaj,CHI,4;02.19,male,TD,.,.,Target_Child,.,.,123,734,5.967,3.359
040224.cha,eng,Kuczaj,CHI,4;02.24,male,TD,.,.,Target_Child,.,.,93,611,6.57,3.074
040301.cha,eng,Kuczaj,CHI,4;03.01,male,TD,.,.,Target_Child,.,.,148,912,6.162,3.304
040307.cha,eng,Kuczaj,CHI,4;03.07,male,TD,.,.,Target_Child,.,.,141,739,5.241,2.982
040311.cha,eng,Kuczaj,CHI,4;03.11,male,TD,.,.,Target_Child,.,.,155,771,4.974,2.603
040315.cha,eng,Kuczaj,CHI,4;03.15,male,TD,.,.,Target_Child,.,.,121,694,5.736,3.066
040321.cha,eng,Kuczaj,CHI,4;03.21,male,TD,.,.,Target_Child,.,.,114,612,5.368,2.93
040401.cha,eng,Kuczaj,CHI,4;04.01,male,TD,.,.,Target_Child,.,.,100,599,5.99,3.339
040404.cha,eng,Kuczaj,CHI,4;04.04,male,TD,.,.,Target_Child,.,.,116,629,5.422,2.992
040421.cha,eng,Kuczaj,CHI,4;04.21,male,TD,.,.,Target_Child,.,.,98,534,5.449,3
040503.cha,eng,Kuczaj,CHI,4;05.03,male,TD,.,.,Target_Child,.,.,56,344,6.143,3.193
040514.cha,eng,Kuczaj,CHI,4;05.14,male,TD,.,.,Target_Child,.,.,104,672,6.462,3.472
040520.cha,eng,Kuczaj,CHI,4;05.20,male,TD,.,.,Target_Child,.,.,99,606,6.121,3.723
040528.cha,eng,Kuczaj,CHI,4;05.28,male,TD,.,.,Target_Child,.,.,102,640,6.275,4.213
040601.cha,eng,Kuczaj,CHI,4;06.01,male,TD,.,.,Target_Child,.,.,106,642,6.057,3.092
040605.cha,eng,Kuczaj,CHI,4;06.05,male,TD,.,.,Target_Child,.,.,96,526,5.479,3.099
040612.cha,eng,Kuczaj,CHI,4;06.12,male,TD,.,.,Target_Child,.,.,99,586,5.919,3.07
040614.cha,eng,Kuczaj,CHI,4;06.14,male,TD,.,.,Target_Child,.,.,76,459,6.039,3.604
040619.cha,eng,Kuczaj,CHI,4;06.19,male,TD,.,.,Target_Child,.,.,153,902,5.895,3.365
040627.cha,eng,Kuczaj,CHI,4;06.27,male,TD,.,.,Target_Child,.,.,80,486,6.075,3.563
040703.cha,eng,Kuczaj,CHI,4;07.03,male,TD,.,.,Target_Child,.,.,106,611,5.764,3.095
040705.cha,eng,Kuczaj,CHI,4;07.05,male,TD,.,.,Target_Child,.,.,100,637,6.37,3.196
040711.cha,eng,Kuczaj,CHI,4;07.11,male,TD,.,.,Target_Child,.,.,121,695,5.744,2.925
040800.cha,eng,Kuczaj,CHI,4;08.,male,TD,.,.,Target_Child,.,.,95,575,6.053,3.288
040802.cha,eng,Kuczaj,CHI,4;08.02,male,TD,.,.,Target_Child,.,.,99,657,6.636,3.849
040807.cha,eng,Kuczaj,CHI,4;08.07,male,TD,.,.,Target_Child,.,.,90,560,6.222,3.108
040814.cha,eng,Kuczaj,CHI,4;08.14,male,TD,.,.,Target_Child,.,.,112,717,6.402,3.326
040820.cha,eng,Kuczaj,CHI,4;08.20,male,TD,.,.,Target_Child,.,.,99,721,7.283,2.648
040827.cha,eng,Kuczaj,CHI,4;08.27,male,TD,.,.,Target_Child,.,.,116,751,6.474,3.537
040900.cha,eng,Kuczaj,CHI,4;09.,male,TD,.,.,Target_Child,.,.,99,596,6.02,2.954
040912.cha,eng,Kuczaj,CHI,4;09.12,male,TD,.,.,Target_Child,.,.,82,551,6.72,3.842
040919.cha,eng,Kuczaj,CHI,4;09.19,male,TD,.,.,Target_Child,.,.,123,758,6.163,3.37
040924.cha,eng,Kuczaj,CHI,4;09.24,male,TD,.,.,Target_Child,.,.,141,821,5.823,3.409
041001.cha,eng,Kuczaj,CHI,4;10.01,male,TD,.,.,Target_Child,.,.,104,633,6.087,3.323
041009.cha,eng,Kuczaj,CHI,4;10.09,male,TD,.,.,Target_Child,.,.,109,643,5.899,2.722
041015.cha,eng,Kuczaj,CHI,4;10.15,male,TD,.,.,Target_Child,.,.,122,728,5.967,3.37
041022.cha,eng,Kuczaj,CHI,4;10.22,male,TD,.,.,Target_Child,.,.,105,676,6.438,4.047
041029.cha,eng,Kuczaj,CHI,4;10.29,male,TD,.,.,Target_Child,.,.,191,1119,5.859,3.014
041105.cha,eng,Kuczaj,CHI,4;11.05,male,TD,.,.,Target_Child,.,.,156,934,5.987,3.347
041113.cha,eng,Kuczaj,CHI,4;11.13,male,TD,.,.,Target_Child,.,.,107,712,6.654,3.523
041121.cha,eng,Kuczaj,CHI,4;11.21,male,TD,.,.,Target_Child,.,.,142,781,5.5,3.027
041127.cha,eng,Kuczaj,CHI,4;11.27,male,TD,.,.,Target_Child,.,.,139,811,5.835,3.5
050004.cha,eng,Kuczaj,CHI,5;00.04,male,TD,.,.,Target_Child,.,.,141,768,5.447,2.923
050011.cha,eng,Kuczaj,CHI,5;00.11,male,TD,.,.,Target_Child,.,.,126,669,5.31,2.787
