Folder,File,IPSyn Score
Kuczaj,020514.cha,67
Kuczaj,020529.cha,69
Kuczaj,020606.cha,77
Kuczaj,020614a.cha,74
Kuczaj,020614c.cha,75
Kuczaj,020618.cha,73
Kuczaj,020700.cha,78
Kuczaj,020707.cha,77
Kuczaj,020711.cha,77
Kuczaj,020714.cha,71
Kuczaj,020715.cha,81
Kuczaj,020726.cha,72
Kuczaj,020801.cha,72
Kuczaj,020806.cha,71
Kuczaj,020808.cha,82
Kuczaj,020814.cha,88
Kuczaj,020818.cha,86
Kuczaj,020822.cha,79
Kuczaj,020825.cha,82
Kuczaj,020829.cha,77
Kuczaj,020901.cha,88
Kuczaj,020905.cha,82
Kuczaj,020911.cha,76
Kuczaj,020916.cha,84
Kuczaj,020923.cha,93
Kuczaj,020927.cha,79
Kuczaj,020930.cha,85
Kuczaj,021003.cha,83
Kuczaj,021006.cha,85
Kuczaj,021007.cha,87
Kuczaj,021012.cha,78
Kuczaj,021015.cha,88
Kuczaj,021020.cha,79
Kuczaj,021022.cha,92
Kuczaj,021027.cha,95
Kuczaj,021030.cha,90
Kuczaj,021102.cha,81
Kuczaj,021106.cha,86
Kuczaj,021110.cha,91
Kuczaj,021113.cha,87
Kuczaj,021118.cha,82
Kuczaj,021121.cha,92
Kuczaj,021125.cha,87
Kuczaj,021130.cha,97
Kuczaj,030007.cha,93
Kuczaj,030025.cha,96
Kuczaj,030029.cha,91
Kuczaj,030101.cha,85
Kuczaj,030105.cha,90
Kuczaj,030108.cha,92
Kuczaj,030111.cha,93
Kuczaj,030115.cha,96
Kuczaj,030118.cha,84
Kuczaj,030122.cha,95
Kuczaj,030126.cha,89
Kuczaj,030128.cha,89
Kuczaj,030201.cha,95
Kuczaj,030205.cha,97
Kuczaj,030207.cha,96
Kuczaj,030209.cha,89
Kuczaj,030218.cha,95
Kuczaj,030221.cha,100
Kuczaj,030226.cha,96
Kuczaj,030229.cha,92
Kuczaj,030301.cha,92
Kuczaj,030304.cha,90
Kuczaj,030308.cha,100
Kuczaj,030311.cha,95
Kuczaj,030315.cha,93
Kuczaj,030318.cha,96
Kuczaj,030325.cha,100
Kuczaj,030328.cha,97
Kuczaj,030401.cha,94
Kuczaj,030404.cha,100
Kuczaj,030408.cha,94
Kuczaj,030412.cha,102
Kuczaj,030415.cha,101
Kuczaj,030419a.cha,93
Kuczaj,030419b.cha,95
Kuczaj,030426.cha,99
Kuczaj,030430.cha,94
Kuczaj,030503.cha,98
Kuczaj,030506.cha,98
Kuczaj,030513.cha,94
Kuczaj,030517.cha,92
Kuczaj,030523.cha,92
Kuczaj,030524.cha,101
Kuczaj,030529.cha,98
Kuczaj,030603.cha,94
Kuczaj,030604.cha,101
Kuczaj,030610.cha,94
Kuczaj,030613.cha,88
Kuczaj,030616.cha,91
Kuczaj,030619.cha,95
Kuczaj,030622.cha,91
Kuczaj,030626.cha,97
Kuczaj,030629.cha,90
Kuczaj,030704.cha,94
Kuczaj,030705.cha,100
Kuczaj,030715.cha,100
Kuczaj,030721.cha,99
Kuczaj,030722.cha,93
Kuczaj,030728.cha,91
Kuczaj,030801.cha,97
Kuczaj,030805.cha,97
Kuczaj,030808.cha,94
Kuczaj,030811.cha,98
Kuczaj,030816.cha,98
Kuczaj,030817.cha,102
Kuczaj,030821.cha,93
Kuczaj,030823.cha,104
Kuczaj,030828.cha,98
Kuczaj,030900.cha,96
Kuczaj,030905.cha,94
Kuczaj,030906.cha,92
Kuczaj,030912.cha,99
Kuczaj,030914.cha,98
Kuczaj,030919.cha,98
Kuczaj,030925.cha,90
Kuczaj,030927.cha,92
Kuczaj,031003.cha,98
Kuczaj,031007.cha,98
Kuczaj,031009.cha,98
Kuczaj,031015.cha,96
Kuczaj,031018.cha,100
Kuczaj,031025.cha,104
Kuczaj,031100.cha,94
Kuczaj,031102.cha,101
Kuczaj,031106.cha,101
Kuczaj,031111.cha,101
Kuczaj,031112.cha,95
Kuczaj,031116.cha,96
Kuczaj,031125.cha,102
Kuczaj,040003.cha,96
Kuczaj,040016.cha,99
Kuczaj,040025.cha,97
Kuczaj,040100.cha,96
Kuczaj,040105.cha,93
Kuczaj,040109.cha,97
Kuczaj,040115.cha,99
Kuczaj,040124.cha,104
Kuczaj,040129.cha,94
Kuczaj,040202.cha,101
Kuczaj,040209.cha,91
Kuczaj,040213.cha,100
Kuczaj,040219.cha,100
Kuczaj,040301.cha,94
Kuczaj,040307.cha,99
Kuczaj,040311.cha,96
Kuczaj,040315.cha,92
Kuczaj,040321.cha,95
Kuczaj,040404.cha,95
Kuczaj,040514.cha,98
Kuczaj,040601.cha,93
Kuczaj,040619.cha,94
Kuczaj,040703.cha,102
Kuczaj,040711.cha,94
Kuczaj,040814.cha,95
Kuczaj,040827.cha,96
Kuczaj,040919.cha,99
Kuczaj,040924.cha,98
Kuczaj,041009.cha,101
Kuczaj,041015.cha,99
Kuczaj,041029.cha,98
Kuczaj,041105.cha,98
Kuczaj,041113.cha,101
Kuczaj,041121.cha,100
Kuczaj,041127.cha,99
Kuczaj,050004.cha,93
Kuczaj,050011.cha,98
