File,Language,Corpus,Code,Age,Sex,Group,Race,SES,Role,Education,Custom_field,#utterances,#morphemes,morphemes/utterances,Standard deviation
01.ipcore-100.cex,.,.,*CHI:,.,.,.,.,.,.,.,.,95,210,2.211,1.204
02.ipcore-100.cex,.,.,*CHI:,.,.,.,.,.,.,.,.,100,215,2.15,1.014
03.ipcore-100.cex,.,.,*CHI:,.,.,.,.,.,.,.,.,100,203,2.03,1.135
03.ipcore-100.cex,.,.,*CHI1:,.,.,.,.,.,.,.,.,40,98,2.45,1.284
04.ipcore-100.cex,.,.,*CHI:,.,.,.,.,.,.,.,.,100,176,1.76,0.971
04.ipcore-100.cex,.,.,*CHI1:,.,.,.,.,.,.,.,.,100,267,2.67,1.637
05.ipcore-100.cex,.,.,*CHI:,.,.,.,.,.,.,.,.,65,135,2.077,1.057
06.ipcore-100.cex,.,.,*CHI:,.,.,.,.,.,.,.,.,92,180,1.957,0.92
07.ipcore-100.cex,.,.,*CHI:,.,.,.,.,.,.,.,.,92,209,2.272,1.217
07.ipcore-100.cex,.,.,*CHI1:,.,.,.,.,.,.,.,.,39,153,3.923,2.712
