File,Language,Corpus,Code,Age,Sex,Group,Race,SES,Role,Education,Custom_field,#utterances,#morphemes,morphemes/utterances,Standard deviation
01.cha,zho,Erbaugh,CHI,2;00.01,male,.,.,.,Target_Child,.,.,152,316,2.079,1.211
02.cha,zho,Erbaugh,CHI,2;00.06,female,.,.,.,Target_Child,.,.,276,537,1.946,0.913
03.cha,zho,Erbaugh,CHI,2;00.07,female,.,.,.,Target_Child,.,.,364,773,2.124,1.188
03.cha,zho,Erbaugh,CHI1,.,female,.,.,.,Child,.,.,59,143,2.424,1.153
04.cha,zho,Erbaugh,CHI,2;00.10,female,.,.,.,Target_Child,.,.,279,490,1.756,0.887
04.cha,zho,Erbaugh,CHI1,.,female,.,.,.,Child,.,.,162,412,2.543,1.445
05.cha,zho,Erbaugh,CHI,2;00.13,female,.,.,.,Target_Child,.,.,107,206,1.925,0.973
06.cha,zho,Erbaugh,CHI,2;00.17,female,.,.,.,Target_Child,.,.,174,322,1.851,0.838
07.cha,zho,Erbaugh,CHI,2;00.21,female,.,.,.,Target_Child,.,.,194,383,1.974,1.137
07.cha,zho,Erbaugh,CHI1,.,female,.,.,.,Child,.,.,46,163,3.543,2.668
