File,Most Common Function Words,Function Word Proportion
01.ipcore-100.cex,"[('prep', 3)]",0.00967741935483871
02.ipcore-100.cex,"[('prep', 4), ('conj', 2)]",0.01929260450160772
03.ipcore-100.cex,"[('conj', 3), ('prep', 1)]",0.013422818791946308
04.ipcore-100.cex,"[('prep', 2), ('conj', 1)]",0.010869565217391304
05.ipcore-100.cex,"[('prep', 2), ('conj', 1)]",0.013333333333333334
06.ipcore-100.cex,"[('prep', 1)]",0.003472222222222222
07.ipcore-100.cex,"[('prep', 4)]",0.012461059190031152
