File,Language,Corpus,Code,Age,Sex,Group,Race,SES,Role,Education,Custom_field,#utterances,#morphemes,morphemes/utterances,Standard deviation
01.ipcore.cex,.,.,*CHI:,.,.,.,.,.,.,.,.,48,115,2.396,1.237
02.ipcore.cex,.,.,*CHI:,.,.,.,.,.,.,.,.,50,102,2.04,1.019
03.ipcore.cex,.,.,*CHI:,.,.,.,.,.,.,.,.,50,97,1.94,1.121
03.ipcore.cex,.,.,*CHI1:,.,.,.,.,.,.,.,.,40,98,2.45,1.284
04.ipcore.cex,.,.,*CHI:,.,.,.,.,.,.,.,.,50,72,1.44,0.726
04.ipcore.cex,.,.,*CHI1:,.,.,.,.,.,.,.,.,50,131,2.62,1.708
05.ipcore.cex,.,.,*CHI:,.,.,.,.,.,.,.,.,41,85,2.073,0.997
06.ipcore.cex,.,.,*CHI:,.,.,.,.,.,.,.,.,47,90,1.915,0.919
07.ipcore.cex,.,.,*CHI:,.,.,.,.,.,.,.,.,46,97,2.109,1.146
07.ipcore.cex,.,.,*CHI1:,.,.,.,.,.,.,.,.,39,153,3.923,2.712
