Folder,File,IPSyn Score
Emily,020606.cha,44
Emily,020620.cha,44
Emily,020704.cha,63
Emily,020718.cha,53
Emily,020729.cha,54
Emily,020813.cha,56
Emily,020902.cha,59
Emily,020923.cha,50
Emily,021007.cha,44
Emily,021028.cha,52
Emily,021115.cha,55
Emily,021129.cha,62
Emily,030012.cha,51
Emily,030023.cha,54
Emily,030106.cha,54
Emily,030127.cha,56
Emily,030219.cha,51
Emily,030302.cha,58
Emily,030409.cha,54
Emily,040216.cha,59
Emily,040317.cha,53
Emily,040414.cha,62
Emily,040519.cha,59
