Folder,File,IPSyn Score
Emily,020606.cha,86
Emily,020620.cha,82
Emily,020704.cha,94
Emily,020718.cha,80
Emily,020729.cha,87
Emily,020813.cha,89
Emily,020902.cha,92
Emily,020923.cha,82
Emily,021007.cha,76
Emily,021028.cha,81
Emily,021115.cha,90
Emily,021129.cha,94
Emily,030012.cha,89
Emily,030023.cha,81
Emily,030106.cha,87
Emily,030127.cha,90
Emily,030219.cha,82
Emily,030302.cha,90
Emily,030409.cha,90
Emily,040216.cha,85
Emily,040317.cha,89
Emily,040414.cha,96
Emily,040519.cha,94
