File,Language,Corpus,Code,Age,Sex,Group,Race,SES,Role,Education,Custom_field,#utterances,#morphemes,morphemes/utterances,Standard deviation
020606.cha,eng,Weist,CHI,2;06.06,female,.,.,.,Target_Child,.,.,598,2206,3.689,2.042
020620.cha,eng,Weist,CHI,2;06.20,female,.,.,.,Target_Child,.,.,472,1850,3.919,2.198
020704.cha,eng,Weist,CHI,2;07.04,female,.,.,.,Target_Child,.,.,315,1437,4.562,3.542
020718.cha,eng,Weist,CHI,2;07.18,female,.,.,.,Target_Child,.,.,273,1068,3.912,2.366
020729.cha,eng,Weist,CHI,2;07.29,female,.,.,.,Target_Child,.,.,227,894,3.938,2.321
020813.cha,eng,Weist,CHI,2;08.13,female,.,.,.,Target_Child,.,.,331,1405,4.245,2.817
020902.cha,eng,Weist,CHI,2;09.02,female,.,.,.,Target_Child,.,.,318,1637,5.148,3.373
020923.cha,eng,Weist,CHI,2;09.23,female,.,.,.,Target_Child,.,.,277,1420,5.126,3.619
021007.cha,eng,Weist,CHI,2;10.07,female,.,.,.,Target_Child,.,.,260,1150,4.423,3.062
021028.cha,eng,Weist,CHI,2;10.28,female,.,.,.,Target_Child,.,.,275,1189,4.324,2.834
021115.cha,eng,Weist,CHI,2;11.15,female,.,.,.,Target_Child,.,.,272,1305,4.798,3.086
021129.cha,eng,Weist,CHI,2;11.29,female,.,.,.,Target_Child,.,.,220,897,4.077,3.323
030012.cha,eng,Weist,CHI,3;00.12,.,.,.,.,Target_Child,.,.,381,1925,5.052,3.563
030023.cha,eng,Weist,CHI,3;00.23,.,.,.,.,Target_Child,.,.,393,1933,4.919,3.072
030106.cha,eng,Weist,CHI,3;01.06,.,.,.,.,Target_Child,.,.,327,1533,4.688,4.05
030127.cha,eng,Weist,CHI,3;01.27,.,.,.,.,Target_Child,.,.,297,1251,4.212,3.393
030219.cha,eng,Weist,CHI,3;02.19,.,.,.,.,Target_Child,.,.,268,1133,4.228,2.948
030302.cha,eng,Weist,CHI,3;03.02,.,.,.,.,Target_Child,.,.,374,1976,5.283,3.567
030409.cha,eng,Weist,CHI,3;04.09,female,.,.,.,Target_Child,.,.,306,1762,5.758,4.584
040216.cha,eng,Weist,CHI,4;02.16,.,.,.,.,Target_Child,.,.,259,1076,4.154,3.108
040317.cha,eng,Weist,CHI,4;03.17,.,.,.,.,Target_Child,.,.,284,1278,4.5,3.282
040414.cha,eng,Weist,CHI,4;04.14,.,.,.,.,Target_Child,.,.,249,1451,5.827,4.611
040519.cha,eng,Weist,CHI,4;05.19,.,.,.,.,Target_Child,.,.,235,1002,4.264,3.695
