Folder,File,IPSyn Score
Suppes,011116.cha,19
Suppes,011124.cha,18
Suppes,011129.cha,20
Suppes,020003.cha,27
Suppes,020010.cha,29
Suppes,020017.cha,21
Suppes,020024.cha,28
Suppes,020106.cha,25
Suppes,020115.cha,24
Suppes,020122.cha,36
Suppes,020129.cha,34
Suppes,020206.cha,28
Suppes,020212.cha,30
Suppes,020228.cha,37
Suppes,020305.cha,27
Suppes,020314.cha,39
Suppes,020318.cha,25
Suppes,020328.cha,41
Suppes,020406.cha,35
Suppes,020412.cha,31
Suppes,020418.cha,35
Suppes,020426.cha,33
Suppes,020524.cha,40
Suppes,020525.cha,40
Suppes,020526.cha,40
Suppes,020527.cha,36
Suppes,020528.cha,41
Suppes,020913.cha,42
Suppes,020921.cha,44
Suppes,020926.cha,46
Suppes,021006.cha,44
Suppes,021013.cha,47
Suppes,021021.cha,37
Suppes,021028.cha,47
Suppes,021106.cha,54
Suppes,021112.cha,50
Suppes,021116.cha,43
Suppes,030003.cha,58
Suppes,030010.cha,39
Suppes,030016.cha,48
Suppes,030024.cha,47
Suppes,030104.cha,47
Suppes,030105.cha,46
Suppes,030106.cha,44
Suppes,030107.cha,55
Suppes,030204.cha,50
Suppes,030212.cha,61
Suppes,030216.cha,49
Suppes,030224.cha,43
Suppes,030301.cha,50
Suppes,030308.cha,61
Suppes,030321.cha,52
