Folder,File,IPSyn Score
Suppes,011116.cha,43
Suppes,011124.cha,42
Suppes,011129.cha,48
Suppes,020003.cha,53
Suppes,020010.cha,61
Suppes,020017.cha,43
Suppes,020024.cha,56
Suppes,020106.cha,60
Suppes,020115.cha,54
Suppes,020122.cha,63
Suppes,020129.cha,61
Suppes,020206.cha,61
Suppes,020212.cha,62
Suppes,020228.cha,64
Suppes,020305.cha,68
Suppes,020314.cha,76
Suppes,020318.cha,63
Suppes,020328.cha,74
Suppes,020406.cha,69
Suppes,020412.cha,62
Suppes,020418.cha,74
Suppes,020426.cha,63
Suppes,020524.cha,66
Suppes,020525.cha,74
Suppes,020526.cha,67
Suppes,020527.cha,65
Suppes,020528.cha,67
Suppes,020913.cha,68
Suppes,020921.cha,76
Suppes,020926.cha,77
Suppes,021006.cha,79
Suppes,021013.cha,78
Suppes,021021.cha,71
Suppes,021028.cha,79
Suppes,021106.cha,89
Suppes,021112.cha,91
Suppes,021116.cha,87
Suppes,030003.cha,94
Suppes,030010.cha,72
Suppes,030016.cha,80
Suppes,030024.cha,89
Suppes,030104.cha,86
Suppes,030105.cha,75
Suppes,030106.cha,80
Suppes,030107.cha,88
Suppes,030204.cha,87
Suppes,030212.cha,92
Suppes,030216.cha,82
Suppes,030224.cha,76
Suppes,030301.cha,88
Suppes,030308.cha,92
Suppes,030321.cha,79
