File,Language,Corpus,Code,Age,Sex,Group,Race,SES,Role,Education,Custom_field,#utterances,#morphemes,morphemes/utterances,Standard deviation
011116.cha,eng,Suppes,CHI,1;11.16,female,TD,.,.,Target_Child,.,.,756,1469,1.943,1.085
011124.cha,eng,Suppes,CHI,1;11.24,female,TD,.,.,Target_Child,.,.,524,1053,2.01,1.099
011129.cha,eng,Suppes,CHI,1;11.29,female,TD,.,.,Target_Child,.,.,741,1825,2.463,1.397
020003.cha,eng,Suppes,CHI,2;00.03,female,TD,.,.,Target_Child,.,.,709,1458,2.056,1.338
020010.cha,eng,Suppes,CHI,2;00.10,female,TD,.,.,Target_Child,.,.,355,801,2.256,1.357
020017.cha,eng,Suppes,CHI,2;00.17,female,TD,.,.,Target_Child,.,.,248,551,2.222,1.236
020024.cha,eng,Suppes,CHI,2;00.24,female,TD,.,.,Target_Child,.,.,736,1689,2.295,1.281
020106.cha,eng,Suppes,CHI,2;01.06,female,TD,.,.,Target_Child,.,.,534,1185,2.219,1.24
020115.cha,eng,Suppes,CHI,2;01.15,female,TD,.,.,Target_Child,.,.,730,1791,2.453,1.583
020122.cha,eng,Suppes,CHI,2;01.22,female,TD,.,.,Target_Child,.,.,672,1594,2.372,1.531
020129.cha,eng,Suppes,CHI,2;01.29,female,TD,.,.,Target_Child,.,.,646,1669,2.584,1.574
020206.cha,eng,Suppes,CHI,2;02.06,female,TD,.,.,Target_Child,.,.,697,1935,2.776,1.77
020212.cha,eng,Suppes,CHI,2;02.12,female,TD,.,.,Target_Child,.,.,683,1886,2.761,1.698
020228.cha,eng,Suppes,CHI,2;02.28,female,TD,.,.,Target_Child,.,.,677,1953,2.885,1.806
020305.cha,eng,Suppes,CHI,2;03.05,female,TD,.,.,Target_Child,.,.,562,1908,3.395,2.153
020314.cha,eng,Suppes,CHI,2;03.14,female,TD,.,.,Target_Child,.,.,700,2405,3.436,2.214
020318.cha,eng,Suppes,CHI,2;03.18,female,TD,.,.,Target_Child,.,.,695,2231,3.21,1.977
020328.cha,eng,Suppes,CHI,2;03.28,female,TD,.,.,Target_Child,.,.,584,2044,3.5,1.955
020406.cha,eng,Suppes,CHI,2;04.06,female,TD,.,.,Target_Child,.,.,539,1587,2.944,1.787
020412.cha,eng,Suppes,CHI,2;04.12,female,TD,.,.,Target_Child,.,.,204,591,2.897,1.705
020418.cha,eng,Suppes,CHI,2;04.18,female,TD,.,.,Target_Child,.,.,180,539,2.994,1.762
020426.cha,eng,Suppes,CHI,2;04.26,female,TD,.,.,Target_Child,.,.,708,1984,2.802,1.699
020524.cha,eng,Suppes,CHI,2;05.24,female,TD,.,.,Target_Child,.,.,721,2105,2.92,1.795
020525.cha,eng,Suppes,CHI,2;05.25,female,TD,.,.,Target_Child,.,.,672,2279,3.391,2.389
020526.cha,eng,Suppes,CHI,2;05.26,female,TD,.,.,Target_Child,.,.,654,2218,3.391,2.069
020527.cha,eng,Suppes,CHI,2;05.27,female,TD,.,.,Target_Child,.,.,640,1913,2.989,1.782
020528.cha,eng,Suppes,CHI,2;05.28,female,TD,.,.,Target_Child,.,.,607,2023,3.333,2.017
020913.cha,eng,Suppes,CHI,2;09.13,female,TD,.,.,Target_Child,.,.,695,2005,2.885,2.316
020921.cha,eng,Suppes,CHI,2;09.21,female,TD,.,.,Target_Child,.,.,676,2409,3.564,2.607
020926.cha,eng,Suppes,CHI,2;09.26,female,TD,.,.,Target_Child,.,.,762,2550,3.346,2.448
021006.cha,eng,Suppes,CHI,2;10.06,female,TD,.,.,Target_Child,.,.,824,2845,3.453,2.615
021013.cha,eng,Suppes,CHI,2;10.13,female,TD,.,.,Target_Child,.,.,683,2204,3.227,2.472
021021.cha,eng,Suppes,CHI,2;10.21,female,TD,.,.,Target_Child,.,.,738,2759,3.738,2.718
021028.cha,eng,Suppes,CHI,2;10.28,female,TD,.,.,Target_Child,.,.,642,2369,3.69,2.819
021106.cha,eng,Suppes,CHI,2;11.06,female,TD,.,.,Target_Child,.,.,709,2868,4.045,3.315
021112.cha,eng,Suppes,CHI,2;11.12,female,TD,.,.,Target_Child,.,.,490,1862,3.8,3.058
021116.cha,eng,Suppes,CHI,2;11.16,female,TD,.,.,Target_Child,.,.,507,1887,3.722,2.634
030003.cha,eng,Suppes,CHI,3;00.03,female,TD,.,.,Target_Child,.,.,631,2374,3.762,2.654
030010.cha,eng,Suppes,CHI,3;00.10,female,TD,.,.,Target_Child,.,.,711,2413,3.394,2.596
030016.cha,eng,Suppes,CHI,3;00.16,female,TD,.,.,Target_Child,.,.,661,2727,4.126,2.749
030024.cha,eng,Suppes,CHI,3;00.24,female,TD,.,.,Target_Child,.,.,558,2101,3.765,2.541
030104.cha,eng,Suppes,CHI,3;01.04,female,TD,.,.,Target_Child,.,.,559,2196,3.928,2.742
030105.cha,eng,Suppes,CHI,3;01.05,female,TD,.,.,Target_Child,.,.,476,1908,4.008,3.183
030106.cha,eng,Suppes,CHI,3;01.06,female,TD,.,.,Target_Child,.,.,429,1333,3.107,2.259
030107.cha,eng,Suppes,CHI,3;01.07,female,TD,.,.,Target_Child,.,.,524,2241,4.277,2.86
030204.cha,eng,Suppes,CHI,3;02.04,female,TD,.,.,Target_Child,.,.,721,3043,4.221,3.091
030212.cha,eng,Suppes,CHI,3;02.12,female,TD,.,.,Target_Child,.,.,632,2948,4.665,3.624
030216.cha,eng,Suppes,CHI,3;02.16,female,TD,.,.,Target_Child,.,.,486,2197,4.521,2.942
030224.cha,eng,Suppes,CHI,3;02.24,female,TD,.,.,Target_Child,.,.,432,1668,3.861,2.831
030301.cha,eng,Suppes,CHI,3;03.01,female,TD,.,.,Target_Child,.,.,485,1996,4.115,2.891
030308.cha,eng,Suppes,CHI,3;03.08,female,TD,.,.,Target_Child,.,.,635,2783,4.383,3.241
030321.cha,eng,Suppes,CHI,3;03.21,female,TD,.,.,Target_Child,.,.,656,2297,3.502,2.62
