File,Language,Corpus,Code,Age,Sex,Group,Race,SES,Role,Education,Custom_field,#utterances,#morphemes,morphemes/utterances,Standard deviation
020101.cha,eng,Weist,CHI,2;01.01,female,.,.,.,Target_Child,.,.,144,377,2.618,1.863
020108.cha,eng,Weist,CHI,2;01.08,female,.,.,.,Target_Child,.,.,238,696,2.924,1.915
020117.cha,eng,Weist,CHI,2;01.17,female,.,.,.,Target_Child,.,.,170,394,2.318,1.861
020122.cha,eng,Weist,CHI,2;01.22,female,.,.,.,Target_Child,.,.,150,430,2.867,1.907
020129.cha,eng,Weist,CHI,2;01.29,female,.,.,.,Target_Child,.,.,177,382,2.158,1.457
020206.cha,eng,Weist,CHI,2;02.06,female,.,.,.,Target_Child,.,.,137,374,2.73,1.878
020317.cha,eng,Weist,CHI,2;03.17,female,.,.,.,Target_Child,.,.,309,1304,4.22,3.5
020325.cha,eng,Weist,CHI,2;03.25,female,.,.,.,Target_Child,.,.,225,870,3.867,3.776
020402.cha,eng,Weist,CHI,2;04.02,female,.,.,.,Target_Child,.,.,229,919,4.013,3.506
020409.cha,eng,Weist,CHI,2;04.09,.,.,.,.,Target_Child,.,.,303,990,3.267,2.397
020414.cha,eng,Weist,CHI,2;04.14,female,.,.,.,Target_Child,.,.,283,965,3.41,2.494
020421.cha,eng,Weist,CHI,2;04.21,female,.,.,.,Target_Child,.,.,303,1113,3.673,2.595
020428.cha,eng,Weist,CHI,2;04.28,.,.,.,.,Target_Child,.,.,279,1129,4.047,3.324
020507.cha,eng,Weist,CHI,2;05.07,.,.,.,.,Target_Child,.,.,350,1376,3.931,2.558
020521.cha,eng,Weist,CHI,2;05.21,female,.,.,.,Target_Child,.,.,347,1032,2.974,2.025
020526.cha,eng,Weist,CHI,2;05.26,female,.,.,.,Target_Child,.,.,338,1128,3.337,2.739
020604.cha,eng,Weist,CHI,2;06.04,female,.,.,.,Target_Child,.,.,307,1115,3.632,2.6
020616.cha,eng,Weist,CHI,2;06.16,female,.,.,.,Target_Child,.,.,400,1773,4.432,2.828
020700.cha,eng,Weist,CHI,2;07.00,female,.,.,.,Target_Child,.,.,182,784,4.308,3.059
020707.cha,eng,Weist,CHI,2;07.07,female,.,.,.,Target_Child,.,.,241,1165,4.834,3.154
020916.cha,eng,Weist,CHI,2;09.16,female,.,.,.,Target_Child,.,.,236,878,3.72,2.914
021000.cha,eng,Weist,CHI,2;10.00,female,.,.,.,Target_Child,.,.,307,1225,3.99,2.729
