Folder,File,IPSyn Score
Jillian,020101.cha,36
Jillian,020108.cha,42
Jillian,020117.cha,36
Jillian,020122.cha,46
Jillian,020129.cha,26
Jillian,020206.cha,34
Jillian,020317.cha,56
Jillian,020325.cha,43
Jillian,020402.cha,48
Jillian,020409.cha,51
Jillian,020414.cha,45
Jillian,020421.cha,47
Jillian,020428.cha,43
Jillian,020507.cha,43
Jillian,020521.cha,47
Jillian,020526.cha,35
Jillian,020604.cha,51
Jillian,020616.cha,57
Jillian,020700.cha,51
Jillian,020707.cha,53
Jillian,020916.cha,46
Jillian,021000.cha,49
