Folder,File,IPSyn Score
Jillian,020101.cha,71
Jillian,020108.cha,75
Jillian,020117.cha,68
Jillian,020122.cha,74
Jillian,020129.cha,61
Jillian,020206.cha,74
Jillian,020317.cha,86
Jillian,020325.cha,81
Jillian,020402.cha,79
Jillian,020409.cha,79
Jillian,020414.cha,82
Jillian,020421.cha,91
Jillian,020428.cha,83
Jillian,020507.cha,72
Jillian,020521.cha,80
Jillian,020526.cha,79
Jillian,020604.cha,90
Jillian,020616.cha,88
Jillian,020700.cha,88
Jillian,020707.cha,88
Jillian,020916.cha,79
Jillian,021000.cha,77
