File,Language,Corpus,Code,Age,Sex,Group,Race,SES,Role,Education,Custom_field,#utterances,#morphemes,morphemes/utterances,Standard deviation
020200.cha,"zho, nan",TCCM,CHI,2;02.,.,.,.,.,Target_Child,.,.,380,578,1.521,0.819
020300.cha,zho,TCCM,CHI,2;03.,.,.,.,.,Target_Child,.,.,319,508,1.592,1.096
020400.cha,zho,TCCM,CHI,2;04.,.,.,.,.,Target_Child,.,.,282,434,1.539,0.758
020500.cha,zho,TCCM,CHI,2;05.,.,.,.,.,Target_Child,.,.,559,941,1.683,0.958
020600.cha,zho,TCCM,CHI,2;06.,.,.,.,.,Target_Child,.,.,346,655,1.893,1.273
020700.cha,zho,TCCM,CHI,2;07.,.,.,.,.,Target_Child,.,.,368,633,1.72,1.094
020800.cha,zho,TCCM,CHI,2;08.,.,.,.,.,Target_Child,.,.,237,462,1.949,1.157
020900.cha,zho,TCCM,CHI,2;09.,.,.,.,.,Target_Child,.,.,262,547,2.088,1.666
030000.cha,zho,TCCM,CHI,3;00.,.,.,.,.,Target_Child,.,.,123,289,2.35,1.771
030100.cha,zho,TCCM,CHI,3;01.,.,.,.,.,Target_Child,.,.,326,799,2.451,1.606
030200.cha,zho,TCCM,CHI,3;02.,.,.,.,.,Target_Child,.,.,359,926,2.579,1.556
030300.cha,zho,TCCM,CHI,3;03.,.,.,.,.,Target_Child,.,.,443,1105,2.494,1.418
030400.cha,zho,TCCM,CHI,3;04.,.,.,.,.,Target_Child,.,.,383,1048,2.736,1.525
030500.cha,zho,TCCM,CHI,3;05.,.,.,.,.,Target_Child,.,.,389,1044,2.684,1.783
