File,Language,Corpus,Code,Age,Sex,Group,Race,SES,Role,Education,Custom_field,#utterances,#morphemes,morphemes/utterances,Standard deviation
000108.cha,zho,Zhou3,CHI,3;03.,.,.,.,.,Target_Child,.,.,126,409,3.246,2.253
000227.cha,zho,Zhou3,CHI,3;04.,.,.,.,.,Target_Child,.,.,143,405,2.832,2.266
000326.cha,zho,Zhou3,CHI,3;05.,.,.,.,.,Target_Child,.,.,344,1148,3.337,2.105
000506.cha,zho,Zhou3,CHI,3;07.,.,.,.,.,Target_Child,.,.,304,1024,3.368,3.129
000610.cha,zho,Zhou3,CHI,3;08.,.,.,.,.,Target_Child,.,.,287,1122,3.909,2.578
000702.cha,zho,Zhou3,CHI,3;09.,.,.,.,.,Target_Child,.,.,320,1751,5.472,4.511
000822.cha,zho,Zhou3,CHI,3;10.,.,.,.,.,Target_Child,.,.,299,1091,3.649,2.255
001005.cha,zho,Zhou3,CHI,4;00.,.,.,.,.,Target_Child,.,.,259,957,3.695,2.18
001209.cha,zho,Zhou3,CHI,4;02.,.,.,.,.,Target_Child,.,.,497,1983,3.99,2.479
010218.cha,zho,Zhou3,CHI,4;04.,.,.,.,.,Target_Child,.,.,335,1329,3.967,2.533
010421.cha,zho,Zhou3,CHI,4;06.,.,.,.,.,Target_Child,.,.,204,728,3.569,2.075
010630.cha,zho,Zhou3,CHI,4;08.,.,.,.,.,Target_Child,.,.,356,1788,5.022,6.104
010805.cha,zho,Zhou3,CHI,1;08.05,.,.,.,.,Target_Child,.,.,156,254,1.628,0.893
010821.cha,zho,Zhou3,CHI,1;08.21,.,.,.,.,Target_Child,.,.,249,501,2.012,1.278
010908.cha,zho,Zhou3,CHI,4;11.,.,.,.,.,Target_Child,.,.,487,2151,4.417,2.662
010912.cha,zho,Zhou3,CHI,1;09.12,.,.,.,.,Target_Child,.,.,150,316,2.107,1.161
010925.cha,zho,Zhou3,CHI,1;09.25,.,.,.,.,Target_Child,.,.,129,301,2.333,1.394
011030.cha,zho,Zhou3,CHI,1;10.30,.,.,.,.,Target_Child,.,.,257,670,2.607,1.557
011128.cha,zho,Zhou3,CHI,1;11.28,.,.,.,.,Target_Child,.,.,178,606,3.404,2.819
020030.cha,zho,Zhou3,CHI,2;00.30,.,.,.,.,Target_Child,.,.,254,859,3.382,1.968
020121.cha,zho,Zhou3,CHI,2;01.21,.,.,.,.,Target_Child,.,.,268,890,3.321,1.913
020310.cha,zho,Zhou3,CHI,2;03.10,.,.,.,.,Target_Child,.,.,231,481,2.082,2.057
020323.cha,zho,Zhou3,CHI,5;05.,.,.,.,.,Target_Child,.,.,362,1636,4.519,3.12
020406.cha,zho,Zhou3,CHI,2;04.06,.,.,.,.,Target_Child,.,.,296,900,3.041,2.187
020500.cha,zho,Zhou3,CHI,2;05.,.,.,.,.,Target_Child,.,.,274,905,3.303,1.937
020600.cha,zho,Zhou3,CHI,2;06.,.,.,.,.,Target_Child,.,.,266,874,3.286,2.036
020800.cha,zho,Zhou3,CHI,2;08.,.,.,.,.,Target_Child,.,.,280,1057,3.775,2.2
021000.cha,zho,Zhou3,CHI,2;10.,.,.,.,.,Target_Child,.,.,314,931,2.965,1.914
030100.cha,zho,Zhou3,CHI,3;01.,.,.,.,.,Target_Child,.,.,373,1360,3.646,2.163
030200.cha,zho,Zhou3,CHI,3;02.,.,.,.,.,Target_Child,.,.,332,1148,3.458,2.03
