Folder,File,IPSyn Score
Zhou3,000108.cha,22
Zhou3,000227.cha,21
Zhou3,000326.cha,21
Zhou3,000506.cha,24
Zhou3,000610.cha,28
Zhou3,000702.cha,27
Zhou3,000822.cha,20
Zhou3,001005.cha,20
Zhou3,001209.cha,32
Zhou3,010218.cha,29
Zhou3,010421.cha,23
Zhou3,010630.cha,22
Zhou3,010805.cha,15
Zhou3,010821.cha,17
Zhou3,010908.cha,31
Zhou3,010912.cha,17
Zhou3,010925.cha,16
Zhou3,011030.cha,18
Zhou3,011128.cha,24
Zhou3,020030.cha,19
Zhou3,020121.cha,20
Zhou3,020310.cha,24
Zhou3,020323.cha,30
Zhou3,020406.cha,17
Zhou3,020500.cha,22
Zhou3,020600.cha,19
Zhou3,020800.cha,24
Zhou3,021000.cha,19
Zhou3,030100.cha,22
Zhou3,030200.cha,21
