Folder,File,IPSyn Score
Zhou3,000108.cha,47
Zhou3,000326.cha,35
Zhou3,000506.cha,40
Zhou3,000610.cha,42
Zhou3,000702.cha,47
Zhou3,000822.cha,43
Zhou3,001005.cha,43
Zhou3,001209.cha,48
Zhou3,010218.cha,45
Zhou3,010421.cha,47
Zhou3,010630.cha,44
Zhou3,010821.cha,31
Zhou3,010908.cha,46
Zhou3,011030.cha,37
Zhou3,011128.cha,41
Zhou3,020030.cha,41
Zhou3,020121.cha,39
Zhou3,020310.cha,42
Zhou3,020323.cha,46
Zhou3,020406.cha,40
Zhou3,020500.cha,43
Zhou3,020600.cha,43
Zhou3,020800.cha,38
Zhou3,021000.cha,40
Zhou3,030100.cha,35
Zhou3,030200.cha,38
