File,Most Common Function Words,Function Word Proportion
01.ipcore.cex,"[('conj', 4), ('prep', 2)]",0.03680981595092025
02.ipcore.cex,"[('prep', 12), ('conj', 6)]",0.09090909090909091
03.ipcore.cex,"[('conj', 3), ('prep', 2)]",0.02702702702702703
04.ipcore.cex,"[('conj', 1), ('prep', 1)]",0.010416666666666666
05.ipcore.cex,"[('prep', 2), ('conj', 1)]",0.017341040462427744
06.ipcore.cex,"[('prep', 4), ('conj', 2)]",0.033707865168539325
07.ipcore.cex,"[('prep', 7)]",0.034482758620689655
08.ipcore.cex,"[('prep', 11)]",0.06111111111111111
09.ipcore.cex,"[('prep', 9)]",0.04838709677419355
