File,Language,Corpus,Code,Age,Sex,Group,Race,SES,Role,Education,Custom_field,#utterances,#morphemes,morphemes/utterances,Standard deviation
01.cha,zho,Erbaugh,CHI,2;07.00,female,.,.,.,Target_Child,.,.,187,469,2.508,1.318
01.cha,zho,Erbaugh,CHI1,.,female,.,.,.,Child,.,.,110,494,4.491,2.251
02.cha,zho,Erbaugh,CHI,2;07.02,female,.,.,.,Target_Child,.,.,250,723,2.892,1.666
03.cha,zho,Erbaugh,CHI,2;07.07,female,.,.,.,Target_Child,.,.,323,770,2.384,1.419
04.cha,zho,Erbaugh,CHI,2;07.09,female,.,.,.,Target_Child,.,.,335,1056,3.152,1.844
05.cha,zho,Erbaugh,CHI,2;07.16,female,.,.,.,Target_Child,.,.,163,392,2.405,1.501
05.cha,zho,Erbaugh,CHI1,.,female,.,.,.,Child,.,.,56,133,2.375,1.495
06.cha,zho,Erbaugh,CHI,2;07.21,female,.,.,.,Target_Child,.,.,187,601,3.214,1.892
07.cha,zho,Erbaugh,CHI,2;07.28,female,.,.,.,Target_Child,.,.,450,1663,3.696,1.735
08.cha,zho,Erbaugh,CHI,2;07.30,female,.,.,.,Target_Child,.,.,553,1912,3.458,1.791
09.cha,zho,Erbaugh,CHI,2;07.00,female,.,.,.,Target_Child,.,.,484,1848,3.818,2.043
