File,Language,Corpus,Code,Age,Sex,Group,Race,SES,Role,Education,Custom_field,#utterances,#morphemes,morphemes/utterances,Standard deviation
01.ipcore.cex,.,.,*CHI:,.,.,.,.,.,.,.,.,39,104,2.667,1.327
01.ipcore.cex,.,.,*CHI1:,.,.,.,.,.,.,.,.,42,198,4.714,2.152
02.ipcore.cex,.,.,*CHI:,.,.,.,.,.,.,.,.,50,193,3.86,1.97
03.ipcore.cex,.,.,*CHI:,.,.,.,.,.,.,.,.,41,123,3,1.307
04.ipcore.cex,.,.,*CHI:,.,.,.,.,.,.,.,.,48,156,3.25,1.614
05.ipcore.cex,.,.,*CHI:,.,.,.,.,.,.,.,.,49,142,2.898,1.752
05.ipcore.cex,.,.,*CHI1:,.,.,.,.,.,.,.,.,43,117,2.721,1.515
06.ipcore.cex,.,.,*CHI:,.,.,.,.,.,.,.,.,50,139,2.78,1.46
07.ipcore.cex,.,.,*CHI:,.,.,.,.,.,.,.,.,50,196,3.92,1.623
08.ipcore.cex,.,.,*CHI:,.,.,.,.,.,.,.,.,50,170,3.4,1.625
09.ipcore.cex,.,.,*CHI:,.,.,.,.,.,.,.,.,47,157,3.34,1.729
