File,Language,Corpus,Code,Age,Sex,Group,Race,SES,Role,Education,Custom_field,#utterances,#morphemes,morphemes/utterances,Standard deviation
020027.cha,eng,Demetras1,CHI,2;00.27,male,TD,.,.,Target_Child,.,.,251,762,3.036,2.254
020028.cha,eng,Demetras1,CHI,2;00.28,male,TD,.,.,Target_Child,.,.,276,873,3.163,1.965
020029.cha,eng,Demetras1,CHI,2;00.29,male,TD,.,.,Target_Child,.,.,320,876,2.737,2.165
020105.cha,eng,Demetras1,CHI,2;01.05,male,TD,.,.,Target_Child,.,.,319,825,2.586,1.985
020604.cha,eng,Demetras1,CHI,2;06.04,male,TD,.,.,Target_Child,.,.,302,1017,3.368,2.444
020605.cha,eng,Demetras1,CHI,2;06.05,male,TD,.,.,Target_Child,.,.,316,1009,3.193,2.307
020607.cha,eng,Demetras1,CHI,2;06.07,male,TD,.,.,Target_Child,.,.,304,815,2.681,2.232
020612.cha,eng,Demetras1,CHI,2;06.12,male,TD,.,.,Target_Child,.,.,306,871,2.846,2.304
020803.cha,eng,Demetras1,CHI,2;08.03,male,TD,.,.,Target_Child,.,.,291,933,3.206,2.723
020805.cha,eng,Demetras1,CHI,2;08.05,male,TD,.,.,Target_Child,.,.,284,915,3.222,2.679
020807.cha,eng,Demetras1,CHI,2;08.07,male,TD,.,.,Target_Child,.,.,330,1115,3.379,2.886
020810.cha,eng,Demetras1,CHI,2;08.10,male,TD,.,.,Target_Child,.,.,279,941,3.373,2.44
021004.cha,eng,Demetras1,CHI,2;10.04,male,TD,.,.,Target_Child,.,.,262,903,3.447,3.177
021111.cha,eng,Demetras1,CHI,2;11.11,male,TD,.,.,Target_Child,.,.,241,785,3.257,2.53
021114.cha,eng,Demetras1,CHI,2;11.14,male,TD,.,.,Target_Child,.,.,219,782,3.571,3.09
030007.cha,eng,Demetras1,CHI,3;00.07,male,TD,.,.,Target_Child,.,.,181,1025,5.663,4.976
030008.cha,eng,Demetras1,CHI,3;00.08,male,TD,.,.,Target_Child,.,.,181,897,4.956,4.207
030009.cha,eng,Demetras1,CHI,3;00.09,male,TD,.,.,Target_Child,.,.,154,553,3.591,2.77
030117.cha,eng,Demetras1,CHI,3;01.17,male,TD,.,.,Target_Child,.,.,206,1262,6.126,4.97
030304.cha,eng,Demetras1,CHI,3;03.04,male,TD,.,.,Target_Child,.,.,297,1060,3.569,2.931
030312.cha,eng,Demetras1,CHI,3;03.12,male,TD,.,.,Target_Child,.,.,241,794,3.295,2.738
031022.cha,eng,Demetras1,CHI,3;10.22,male,TD,.,.,Target_Child,.,.,235,680,2.894,2.432
031023.cha,eng,Demetras1,CHI,3;10.23,male,TD,.,.,Target_Child,.,.,256,1230,4.805,4.815
031024.cha,eng,Demetras1,CHI,3;10.24,male,TD,.,.,Target_Child,.,.,192,867,4.516,4.32
031127a.cha,eng,Demetras1,CHI,3;11.27,male,TD,.,.,Target_Child,.,.,219,789,3.603,2.998
031127b.cha,eng,Demetras1,CHI,3;11.27,male,TD,.,.,Target_Child,.,.,212,797,3.759,3.636
