Folder,File,IPSyn Score
Demetras1,020027.cha,35
Demetras1,020028.cha,30
Demetras1,020029.cha,33
Demetras1,020105.cha,42
Demetras1,020604.cha,38
Demetras1,020605.cha,40
Demetras1,020607.cha,38
Demetras1,020612.cha,39
Demetras1,020803.cha,38
Demetras1,020805.cha,57
Demetras1,020807.cha,54
Demetras1,020810.cha,56
Demetras1,021004.cha,49
Demetras1,021111.cha,40
Demetras1,021114.cha,40
Demetras1,030007.cha,66
Demetras1,030008.cha,55
Demetras1,030009.cha,53
Demetras1,030117.cha,51
Demetras1,030304.cha,57
Demetras1,030312.cha,43
Demetras1,031022.cha,43
Demetras1,031023.cha,49
Demetras1,031024.cha,65
Demetras1,031127a.cha,48
Demetras1,031127b.cha,50
