Folder,File,IPSyn Score
Demetras1,020027.cha,69
Demetras1,020028.cha,61
Demetras1,020029.cha,63
Demetras1,020105.cha,73
Demetras1,020604.cha,77
Demetras1,020605.cha,69
Demetras1,020607.cha,74
Demetras1,020612.cha,74
Demetras1,020803.cha,72
Demetras1,020805.cha,91
Demetras1,020807.cha,89
Demetras1,020810.cha,86
Demetras1,021004.cha,89
Demetras1,021111.cha,75
Demetras1,021114.cha,76
Demetras1,030007.cha,95
Demetras1,030008.cha,89
Demetras1,030009.cha,87
Demetras1,030117.cha,86
Demetras1,030304.cha,84
Demetras1,030312.cha,85
Demetras1,031022.cha,78
Demetras1,031023.cha,91
Demetras1,031024.cha,94
Demetras1,031127a.cha,87
Demetras1,031127b.cha,81
