File,Language,Corpus,Code,Age,Sex,Group,Race,SES,Role,Education,Custom_field,#utterances,#morphemes,morphemes/utterances,Standard deviation
020310.cha,eng,Weist,CHI,2;03.10,male,.,.,.,Target_Child,.,.,152,363,2.388,1.343
020317.cha,eng,Weist,CHI,2;03.17,male,.,.,.,Target_Child,.,.,176,437,2.483,1.8
020323.cha,eng,Weist,CHI,2;03.23,male,.,.,.,Target_Child,.,.,143,418,2.923,2.076
020400.cha,eng,Weist,CHI,2;04.00,male,.,.,.,Target_Child,.,.,220,506,2.3,1.44
020407.cha,eng,Weist,CHI,2;04.07,male,.,.,.,Target_Child,.,.,173,402,2.324,1.613
020428.cha,eng,Weist,CHI,2;04.28,male,.,.,.,Target_Child,.,.,187,508,2.717,1.83
020504.cha,eng,Weist,CHI,2;05.04,male,.,.,.,Target_Child,.,.,208,560,2.692,1.814
020510.cha,eng,Weist,CHI,2;05.10,male,.,.,.,Target_Child,.,.,187,496,2.652,1.649
020518.cha,eng,Weist,CHI,2;05.18,male,.,.,.,Target_Child,.,.,164,443,2.701,1.726
020611.cha,eng,Weist,CHI,2;06.11,male,.,.,.,Target_Child,.,.,194,651,3.356,2.173
020707.cha,eng,Weist,CHI,2;07.07,male,.,.,.,Target_Child,.,.,189,670,3.545,2.573
020722.cha,eng,Weist,CHI,2;07.22,male,.,.,.,Target_Child,.,.,206,822,3.99,3.027
020805.cha,eng,Weist,CHI,2;08.05,male,.,.,.,Target_Child,.,.,217,996,4.59,3.405
020819.cha,eng,Weist,CHI,2;08.19,male,.,.,.,Target_Child,.,.,234,899,3.842,2.541
020905.cha,eng,Weist,CHI,2;09.05,male,.,.,.,Target_Child,.,.,135,561,4.156,3.045
020926.cha,eng,Weist,CHI,2;09.26,male,.,.,.,Target_Child,.,.,111,418,3.766,2.317
030002.cha,eng,Weist,CHI,3;00.02,male,.,.,.,Target_Child,.,.,202,885,4.381,3.979
030015.cha,eng,Weist,CHI,3;00.15,male,.,.,.,Target_Child,.,.,171,668,3.906,2.758
030129.cha,eng,Weist,CHI,3;01.29,male,.,.,.,Target_Child,.,.,206,753,3.655,2.6
030218.cha,eng,Weist,CHI,3;02.18,male,.,.,.,Target_Child,.,.,231,917,3.97,3.492
030226.cha,eng,Weist,CHI,3;02.26,male,.,.,.,Target_Child,.,.,164,623,3.799,2.63
030309.cha,eng,Weist,CHI,3;03.09,male,.,.,.,Target_Child,.,.,179,752,4.201,4.321
030323.cha,eng,Weist,CHI,3;03.23,male,.,.,.,Target_Child,.,.,189,603,3.19,2.703
030407.cha,eng,Weist,CHI,3;04.07,male,.,.,.,Target_Child,.,.,207,1162,5.614,5.098
030421.cha,eng,Weist,CHI,3;04.21,male,.,.,.,Target_Child,.,.,148,747,5.047,5.061
030504.cha,eng,Weist,CHI,3;05.04,male,.,.,.,Target_Child,.,.,167,794,4.754,4.175
030514.cha,eng,Weist,CHI,3;05.14,male,.,.,.,Target_Child,.,.,196,896,4.571,3.717
030704.cha,eng,Weist,CHI,3;07.04,male,.,.,.,Target_Child,.,.,192,1380,7.188,5.95
030713.cha,eng,Weist,CHI,3;07.13,male,.,.,.,Target_Child,.,.,241,1264,5.245,4.02
030727.cha,eng,Weist,CHI,3;07.27,male,.,.,.,Target_Child,.,.,251,1400,5.578,6.136
030810.cha,eng,Weist,CHI,3;08.10,male,.,.,.,Target_Child,.,.,172,1142,6.64,6.213
030823.cha,eng,Weist,CHI,3;08.23,male,.,.,.,Target_Child,.,.,192,962,5.01,5.038
030924.cha,eng,Weist,CHI,3;09.24,male,.,.,.,Target_Child,.,.,186,805,4.328,3.505
031007.cha,eng,Weist,CHI,3;10.07,male,.,.,.,Target_Child,.,.,203,980,4.828,4.899
031021.cha,eng,Weist,CHI,3;10.21,male,.,.,.,Target_Child,.,.,247,1043,4.223,3.102
031106.cha,eng,Weist,CHI,3;11.06,male,.,.,.,Target_Child,.,.,174,916,5.264,6.286
040003.cha,eng,Weist,CHI,4;00.03,male,.,.,.,Target_Child,.,.,161,774,4.807,4.105
040017.cha,eng,Weist,CHI,4;00.17,male,.,.,.,Target_Child,.,.,221,1002,4.534,3.008
040101.cha,eng,Weist,CHI,4;01.01,male,.,.,.,Target_Child,.,.,119,849,7.134,5.636
040108.cha,eng,Weist,CHI,4;01.08,male,.,.,.,Target_Child,.,.,168,965,5.744,4.837
040123.cha,eng,Weist,CHI,4;01.23,male,.,.,.,Target_Child,.,.,171,768,4.491,4.413
040213.cha,eng,Weist,CHI,4;02.13,male,.,.,.,Target_Child,.,.,181,1071,5.917,5.101
040301.cha,eng,Weist,CHI,4;03.01,male,.,.,.,Target_Child,.,.,156,967,6.199,7.272
040314.cha,eng,Weist,CHI,4;03.14,male,.,.,.,Target_Child,.,.,165,805,4.879,4.93
040405.cha,eng,Weist,CHI,4;04.05,.,.,.,.,Target_Child,.,.,192,1004,5.229,5.501
040426.cha,eng,Weist,CHI,4;04.26,male,.,.,.,Target_Child,.,.,188,801,4.261,3.398
040509.cha,eng,Weist,CHI,4;05.09,male,.,.,.,Target_Child,.,.,192,923,4.807,4.85
040610.cha,eng,Weist,CHI,4;06.10,male,.,.,.,Target_Child,.,.,225,1041,4.627,5.645
040704.cha,eng,Weist,CHI,4;07.04,male,.,.,.,Target_Child,.,.,192,1066,5.552,5.726
040718.cha,eng,Weist,CHI,4;07.18,male,.,.,.,Target_Child,.,.,183,886,4.842,3.665
040809.cha,eng,Weist,CHI,4;08.09,male,.,.,.,Target_Child,.,.,182,770,4.231,6.984
040821.cha,eng,Weist,CHI,4;08.21,male,.,.,.,Target_Child,.,.,210,1123,5.348,5.212
040909.cha,eng,Weist,CHI,4;09.09,male,.,.,.,Target_Child,.,.,200,767,3.835,5.532
040921.cha,eng,Weist,CHI,4;09.21,male,.,.,.,Target_Child,.,.,235,1069,4.549,3.752
040922.cha,eng,Weist,CHI,4;09.22,male,.,.,.,Target_Child,.,.,209,892,4.268,4.859
041015.cha,eng,Weist,CHI,4;10.15,male,.,.,.,Target_Child,.,.,81,316,3.901,3.724
050005.cha,eng,Weist,CHI,5;00.05,male,.,.,.,Target_Child,.,.,215,1034,4.809,5.672
