Folder,File,IPSyn Score
Matt,020310.cha,29
Matt,020317.cha,32
Matt,020323.cha,41
Matt,020400.cha,37
Matt,020407.cha,27
Matt,020428.cha,35
Matt,020504.cha,28
Matt,020510.cha,30
Matt,020518.cha,35
Matt,020611.cha,40
Matt,020707.cha,55
Matt,020722.cha,54
Matt,020805.cha,46
Matt,020819.cha,44
Matt,020905.cha,49
Matt,020926.cha,51
Matt,030002.cha,53
Matt,030015.cha,59
Matt,030129.cha,55
Matt,030218.cha,61
Matt,030226.cha,53
Matt,030309.cha,59
Matt,030323.cha,43
Matt,030407.cha,70
Matt,030421.cha,61
Matt,030504.cha,59
Matt,030514.cha,70
Matt,030704.cha,69
Matt,030713.cha,60
Matt,030727.cha,67
Matt,030810.cha,73
Matt,030823.cha,66
Matt,030924.cha,50
Matt,031007.cha,67
Matt,031021.cha,52
Matt,031106.cha,67
Matt,040003.cha,50
Matt,040017.cha,66
Matt,040101.cha,70
Matt,040108.cha,68
Matt,040123.cha,62
Matt,040213.cha,62
Matt,040301.cha,64
Matt,040314.cha,56
Matt,040405.cha,60
Matt,040426.cha,56
Matt,040509.cha,56
Matt,040610.cha,59
Matt,040704.cha,61
Matt,040718.cha,67
Matt,040809.cha,56
Matt,040821.cha,68
Matt,040909.cha,49
Matt,040921.cha,64
Matt,040922.cha,69
Matt,041015.cha,61
Matt,050005.cha,60
