Folder,File,IPSyn Score
Matt,020310.cha,60
Matt,020317.cha,63
Matt,020323.cha,68
Matt,020400.cha,66
Matt,020407.cha,62
Matt,020428.cha,65
Matt,020504.cha,65
Matt,020510.cha,61
Matt,020518.cha,66
Matt,020611.cha,75
Matt,020707.cha,85
Matt,020722.cha,83
Matt,020805.cha,84
Matt,020819.cha,80
Matt,020905.cha,82
Matt,030002.cha,87
Matt,030015.cha,88
Matt,030129.cha,87
Matt,030218.cha,96
Matt,030226.cha,90
Matt,030309.cha,98
Matt,030323.cha,81
Matt,030407.cha,95
Matt,030421.cha,95
Matt,030504.cha,90
Matt,030514.cha,96
Matt,030704.cha,99
Matt,030713.cha,98
Matt,030727.cha,95
Matt,030810.cha,100
Matt,030823.cha,95
Matt,030924.cha,87
Matt,031007.cha,101
Matt,031021.cha,90
Matt,031106.cha,95
Matt,040003.cha,90
Matt,040017.cha,94
Matt,040101.cha,99
Matt,040108.cha,100
Matt,040123.cha,96
Matt,040213.cha,97
Matt,040301.cha,101
Matt,040314.cha,94
Matt,040405.cha,95
Matt,040426.cha,90
Matt,040509.cha,92
Matt,040610.cha,100
Matt,040704.cha,92
Matt,040718.cha,98
Matt,040809.cha,96
Matt,040821.cha,96
Matt,040909.cha,86
Matt,040921.cha,92
Matt,040922.cha,100
Matt,050005.cha,94
