File,Most Common Function Words,Function Word Proportion
020700.ipcore.cex,[],0.0
020800.ipcore.cex,"[('prep', 4), ('conj', 1)]",0.025252525252525252
021000.ipcore.cex,"[('prep', 5), ('conj', 1)]",0.0335195530726257
030000.ipcore.cex,"[('prep', 3)]",0.015789473684210527
030100.ipcore.cex,"[('prep', 7), ('conj', 4)]",0.0625
030200.ipcore.cex,"[('prep', 3)]",0.016666666666666666
030300.ipcore.cex,"[('prep', 7), ('conj', 1)]",0.0427807486631016
030600.ipcore.cex,"[('prep', 5)]",0.028901734104046242
030900.ipcore.cex,"[('conj', 1)]",0.005917159763313609
031000.ipcore.cex,"[('prep', 4), ('conj', 3)]",0.03553299492385787
