File,Language,Corpus,Code,Age,Sex,Group,Race,SES,Role,Education,Custom_field,#utterances,#morphemes,morphemes/utterances,Standard deviation
020700.cha,zho,TCCM,CHI,2;07.,.,.,.,.,Target_Child,.,.,130,458,3.523,1.768
020800.cha,zho,TCCM,CHI,2;08.,.,.,.,.,Target_Child,.,.,140,502,3.586,2
021000.cha,zho,TCCM,CHI,2;10.,.,.,.,.,Target_Child,.,.,124,442,3.565,2.182
030000.cha,zho,TCCM,CHI,3;00.,.,.,.,.,Target_Child,.,.,143,554,3.874,2.38
030100.cha,zho,TCCM,CHI,3;01.,.,.,.,.,Target_Child,.,.,168,582,3.464,2.149
030200.cha,zho,TCCM,CHI,3;02.,.,.,.,.,Target_Child,.,.,139,468,3.367,1.901
030300.cha,zho,TCCM,CHI,3;03.,.,.,.,.,Target_Child,.,.,150,456,3.04,2.283
030600.cha,zho,TCCM,CHI,3;06.,.,.,.,.,Target_Child,.,.,174,585,3.362,2.118
030900.cha,zho,TCCM,CHI,3;09.,.,.,.,.,Target_Child,.,.,133,437,3.286,2.716
031000.cha,zho,TCCM,CHI,3;10.,.,.,.,.,Target_Child,.,.,135,568,4.207,3.23
