File,Language,Corpus,Code,Age,Sex,Group,Race,SES,Role,Education,Custom_field,#utterances,#morphemes,morphemes/utterances,Standard deviation
020700.ipcore.cex,.,.,*CHI:,.,.,.,.,.,.,.,.,48,196,4.083,1.681
020800.ipcore.cex,.,.,*CHI:,.,.,.,.,.,.,.,.,50,190,3.8,1.908
021000.ipcore.cex,.,.,*CHI:,.,.,.,.,.,.,.,.,43,178,4.14,1.995
030000.ipcore.cex,.,.,*CHI:,.,.,.,.,.,.,.,.,47,183,3.894,1.882
030100.ipcore.cex,.,.,*CHI:,.,.,.,.,.,.,.,.,47,182,3.872,2.079
030200.ipcore.cex,.,.,*CHI:,.,.,.,.,.,.,.,.,48,165,3.438,1.903
030300.ipcore.cex,.,.,*CHI:,.,.,.,.,.,.,.,.,46,177,3.848,2.912
030600.ipcore.cex,.,.,*CHI:,.,.,.,.,.,.,.,.,47,140,2.979,1.862
030900.ipcore.cex,.,.,*CHI:,.,.,.,.,.,.,.,.,46,187,4.065,3.046
031000.ipcore.cex,.,.,*CHI:,.,.,.,.,.,.,.,.,46,224,4.87,2.601
