File,Language,Corpus,Code,Age,Sex,Group,Race,SES,Role,Education,Custom_field,#utterances,#morphemes,morphemes/utterances,Standard deviation
010411a.cha,eng,MacWhinney,CHI,1;04.11,male,TD,.,.,Target_Child,.,.,165,270,1.636,1.051
010411b.cha,eng,MacWhinney,CHI,1;04.11,male,TD,.,.,Target_Child,.,.,172,249,1.448,0.851
010425a.cha,eng,MacWhinney,CHI,1;04.25,male,TD,.,.,Target_Child,.,.,144,203,1.41,0.845
010425b.cha,eng,MacWhinney,CHI,1;04.25,male,TD,.,.,Target_Child,.,.,61,89,1.459,0.821
010523.cha,eng,MacWhinney,CHI,1;05.23,male,TD,.,.,Target_Child,.,.,237,401,1.692,1.233
010609.cha,eng,MacWhinney,CHI,1;06.09,male,TD,.,.,Target_Child,.,.,178,274,1.539,0.966
01diary.cha,eng,MacWhinney,CHI,0;01.,male,.,.,.,Target_Child,.,.,0,0,NA,NA
020409.cha,eng,MacWhinney,CHI,2;04.09,male,TD,.,.,Target_Child,.,.,127,399,3.142,1.701
020514a.cha,eng,MacWhinney,CHI,2;05.14,male,TD,.,.,Target_Child,.,.,193,540,2.798,1.762
020514b.cha,eng,MacWhinney,CHI,2;05.14,male,TD,.,.,Target_Child,.,.,222,626,2.82,1.717
020608.cha,eng,MacWhinney,CHI,2;06.08,male,TD,.,.,Target_Child,.,.,153,359,2.346,1.834
020617a.cha,eng,MacWhinney,CHI,2;06.17,male,TD,.,.,Target_Child,.,.,362,908,2.508,1.937
020617b.cha,"eng , hun",MacWhinney,CHI,2;06.17,male,TD,.,.,Target_Child,.,.,321,1096,3.414,1.967
020617c.cha,eng,MacWhinney,CHI,2;06.17,male,TD,.,.,Target_Child,.,.,175,569,3.251,1.923
020617d.cha,eng,MacWhinney,CHI,2;06.17,male,TD,.,.,Target_Child,.,.,293,617,2.106,1.496
020617e.cha,eng,MacWhinney,CHI,2;06.17,male,TD,.,.,Target_Child,.,.,304,559,1.839,1.422
020617f.cha,eng,MacWhinney,CHI,2;06.17,male,TD,.,.,Target_Child,.,.,180,375,2.083,1.917
020627.cha,eng,MacWhinney,CHI,2;06.27,male,TD,.,.,Target_Child,.,.,113,378,3.345,1.628
020710.cha,eng,MacWhinney,CHI,2;07.10,male,TD,.,.,Target_Child,.,.,47,141,3,1.868
020718a.cha,eng,MacWhinney,CHI,2;07.18,male,TD,.,.,Target_Child,.,.,40,198,4.95,3
020718b.cha,eng,MacWhinney,CHI,2;07.18,male,TD,.,.,Target_Child,.,.,29,110,3.793,1.989
020718c.cha,eng,MacWhinney,CHI,2;07.18,male,TD,.,.,Target_Child,.,.,42,191,4.548,2.382
020718d.cha,eng,MacWhinney,CHI,2;07.18,male,TD,.,.,Target_Child,.,.,26,114,4.385,2.203
020805a.cha,eng,MacWhinney,CHI,2;08.05,male,TD,.,.,Target_Child,.,.,53,263,4.962,3.059
020805b.cha,eng,MacWhinney,CHI,2;08.05,male,TD,.,.,Target_Child,.,.,33,191,5.788,3.557
020805c.cha,eng,MacWhinney,CHI,2;08.05,male,TD,.,.,Target_Child,.,.,48,218,4.542,1.936
020817a.cha,eng,MacWhinney,CHI,2;08.17,male,TD,.,.,Target_Child,.,.,45,181,4.022,2.362
020817b.cha,eng,MacWhinney,CHI,2;08.17,male,TD,.,.,Target_Child,.,.,82,294,3.585,2.175
020817c.cha,eng,MacWhinney,CHI,2;08.17,male,TD,.,.,Target_Child,.,.,46,177,3.848,1.719
020817d.cha,eng,MacWhinney,CHI,2;08.17,male,TD,.,.,Target_Child,.,.,59,285,4.831,3.465
020827a.cha,eng,MacWhinney,CHI,2;08.27,male,TD,.,.,Target_Child,.,.,30,152,5.067,2.529
020827b.cha,eng,MacWhinney,CHI,2;08.27,male,TD,.,.,Target_Child,.,.,23,118,5.13,2.576
020827c.cha,eng,MacWhinney,CHI,2;08.27,male,TD,.,.,Target_Child,.,.,51,282,5.529,3.164
020909a.cha,eng,MacWhinney,CHI,2;09.09,male,TD,.,.,Target_Child,.,.,144,557,3.868,3.116
020909b.cha,eng,MacWhinney,CHI,2;09.09,male,TD,.,.,Target_Child,.,.,99,533,5.384,5.404
020910.cha,eng,MacWhinney,CHI,2;09.10,male,TD,.,.,Target_Child,.,.,7,37,5.286,2.119
020915.cha,eng,MacWhinney,CHI,2;09.15,male,TD,.,.,Target_Child,.,.,99,459,4.636,2.858
020921.cha,eng,MacWhinney,CHI,2;09.21,male,TD,.,.,Target_Child,.,.,141,449,3.184,2.52
020923.cha,eng,MacWhinney,CHI,2;09.23,male,TD,.,.,Target_Child,.,.,76,371,4.882,2.947
020925.cha,eng,MacWhinney,CHI,2;09.25,male,TD,.,.,Target_Child,.,.,172,534,3.105,2.407
020928.cha,eng,MacWhinney,CHI,2;09.28,male,TD,.,.,Target_Child,.,.,127,352,2.772,2.375
021001a.cha,eng,MacWhinney,CHI,2;10.01,male,TD,.,.,Target_Child,.,.,117,559,4.778,3.687
021001b.cha,eng,MacWhinney,CHI,2;10.01,male,TD,.,.,Target_Child,.,.,71,347,4.887,3.751
021001c.cha,eng,MacWhinney,CHI,2;10.01,male,TD,.,.,Target_Child,.,.,206,747,3.626,3.011
021001d.cha,eng,MacWhinney,CHI,2;10.01,male,TD,.,.,Target_Child,.,.,66,305,4.621,4.77
021017a.cha,eng,MacWhinney,CHI,2;10.17,male,TD,.,.,Target_Child,.,.,132,520,3.939,4.13
021017b.cha,eng,MacWhinney,CHI,2;10.17,male,TD,.,.,Target_Child,.,.,10,26,2.6,2.01
021017c.cha,eng,MacWhinney,CHI,2;10.17,male,TD,.,.,Target_Child,.,.,366,1169,3.194,2.92
021022a.cha,eng,MacWhinney,CHI,2;10.22,male,TD,.,.,Target_Child,.,.,187,667,3.567,3.509
021022b.cha,eng,MacWhinney,CHI,2;10.22,male,TD,.,.,Target_Child,.,.,132,446,3.379,3.592
021100a.cha,eng,MacWhinney,CHI,2;11.00,male,TD,.,.,Target_Child,.,.,151,506,3.351,3.233
021100b.cha,eng,MacWhinney,CHI,2;11.00,male,TD,.,.,Target_Child,.,.,180,708,3.933,3.392
021101.cha,eng,MacWhinney,CHI,2;11.01,male,TD,.,.,Target_Child,.,.,89,379,4.258,5.085
021107.cha,eng,MacWhinney,CHI,2;11.07,male,TD,.,.,Target_Child,.,.,201,860,4.279,4.659
021109.cha,eng,MacWhinney,CHI,2;11.09,male,TD,.,.,Target_Child,.,.,135,676,5.007,6.841
021114.cha,eng,MacWhinney,CHI,2;11.14,male,TD,.,.,Target_Child,.,.,139,819,5.892,6.163
030001a.cha,eng,MacWhinney,CHI,3;00.01,male,TD,.,.,Target_Child,.,.,199,990,4.975,4.851
030001b.cha,eng,MacWhinney,CHI,3;00.01,male,TD,.,.,Target_Child,.,.,81,572,7.062,5.369
030001c.cha,eng,MacWhinney,CHI,3;00.01,male,TD,.,.,Target_Child,.,.,105,719,6.848,6.094
030017.cha,eng,MacWhinney,CHI,3;00.17,male,TD,.,.,Target_Child,.,.,144,929,6.451,5.191
030018a.cha,eng,MacWhinney,CHI,3;00.18,male,TD,.,.,Target_Child,.,.,178,731,4.107,3.852
030018b.cha,eng,MacWhinney,CHI,3;00.18,male,TD,.,.,Target_Child,.,.,246,1540,6.26,5.675
030101.cha,eng,MacWhinney,CHI,3;01.01,male,TD,.,.,Target_Child,.,.,42,227,5.405,3.163
030105a.cha,eng,MacWhinney,CHI,3;01.05,male,TD,.,.,Target_Child,.,.,126,623,4.944,5.038
030105b.cha,eng,MacWhinney,CHI,3;01.05,male,TD,.,.,Target_Child,.,.,247,1007,4.077,3.653
030105c.cha,eng,MacWhinney,CHI,3;01.05,male,TD,.,.,Target_Child,.,.,114,475,4.167,2.908
030105d.cha,eng,MacWhinney,CHI,3;01.05,male,TD,.,.,Target_Child,.,.,114,539,4.728,3.592
030202.cha,eng,MacWhinney,CHI,3;02.02,male,TD,.,.,Target_Child,.,.,96,639,6.656,6.463
030213a.cha,eng,MacWhinney,CHI,3;02.13,male,TD,.,.,Target_Child,.,.,211,1002,4.749,4.489
030213b.cha,eng,MacWhinney,CHI,3;02.13,male,TD,.,.,Target_Child,.,.,139,850,6.115,5.443
030221.cha,eng,MacWhinney,CHI,3;02.21,male,TD,.,.,Target_Child,.,.,251,1296,5.163,4.975
030315a.cha,eng,MacWhinney,CHI,3;03.15,male,TD,.,.,Target_Child,.,.,199,1005,5.05,4.395
030315b.cha,eng,MacWhinney,CHI,3;03.15,male,TD,.,.,Target_Child,.,.,241,1301,5.398,3.881
030315c.cha,eng,MacWhinney,CHI,3;03.15,male,TD,.,.,Target_Child,.,.,198,1009,5.096,4.386
030315d.cha,eng,MacWhinney,CHI,3;03.15,male,TD,.,.,Target_Child,.,.,166,854,5.145,4.199
030323.cha,eng,MacWhinney,CHI,3;03.23,male,TD,.,.,Target_Child,.,.,181,917,5.066,4.627
030327.cha,eng,MacWhinney,CHI,3;03.27,male,TD,.,.,Target_Child,.,.,182,934,5.132,4.693
030328.cha,eng,MacWhinney,CHI,3;03.28,male,TD,.,.,Target_Child,.,.,249,910,3.655,3.445
030329a.cha,eng,MacWhinney,CHI,3;03.29,male,TD,.,.,Target_Child,.,.,191,888,4.649,5.282
030329b.cha,eng,MacWhinney,CHI,3;03.29,male,TD,.,.,Target_Child,.,.,196,726,3.704,3.051
030401.cha,eng,MacWhinney,CHI,3;04.01,male,TD,.,.,Target_Child,.,.,118,553,4.686,3.883
030403a.cha,eng,MacWhinney,CHI,3;04.03,male,TD,.,.,Target_Child,.,.,222,1060,4.775,3.947
030403b.cha,eng,MacWhinney,CHI,3;04.03,male,TD,.,.,Target_Child,.,.,168,931,5.542,5.066
030426a.cha,eng,MacWhinney,CHI,3;04.26,male,TD,.,.,Target_Child,.,.,194,1082,5.577,4.82
030426b.cha,eng,MacWhinney,CHI,3;04.26,male,TD,.,.,Target_Child,.,.,237,1062,4.481,4.585
030428.cha,eng,MacWhinney,CHI,3;04.28,male,TD,.,.,Target_Child,.,.,188,869,4.622,4.067
030429.cha,eng,MacWhinney,CHI,3;04.29,male,TD,.,.,Target_Child,.,.,186,952,5.118,4.223
030512.cha,eng,MacWhinney,CHI,3;05.12,male,TD,.,.,Target_Child,.,.,264,1067,4.042,3.203
030516.cha,eng,MacWhinney,CHI,3;05.16,male,TD,.,.,Target_Child,.,.,193,899,4.658,4.106
030522.cha,eng,MacWhinney,CHI,3;05.22,male,TD,.,.,Target_Child,.,.,189,916,4.847,4.023
030526a.cha,eng,MacWhinney,CHI,3;05.26,male,TD,.,.,Target_Child,.,.,170,939,5.524,4.943
030526b.cha,eng,MacWhinney,CHI,3;05.26,male,TD,.,.,Target_Child,.,.,140,822,5.871,4.513
030602.cha,eng,MacWhinney,CHI,3;06.02,male,TD,.,.,Target_Child,.,.,209,1095,5.239,4.859
030607.cha,eng,MacWhinney,CHI,3;06.07,male,TD,.,.,Target_Child,.,.,158,582,3.684,3.146
030616.cha,eng,MacWhinney,CHI,3;06.16,male,TD,.,.,Target_Child,.,.,180,870,4.833,4.326
030625a.cha,eng,MacWhinney,CHI,3;06.25,male,TD,.,.,Target_Child,.,.,278,1102,3.964,4.002
030625b.cha,eng,MacWhinney,CHI,3;06.25,male,TD,.,.,Target_Child,.,.,75,502,6.693,6.603
030628.cha,eng,MacWhinney,CHI,3;06.28,male,TD,.,.,Target_Child,.,.,119,562,4.723,4.044
030704.cha,eng,MacWhinney,CHI,3;07.04,male,TD,.,.,Target_Child,.,.,347,2277,6.562,4.609
030720.cha,eng,MacWhinney,CHI,3;07.20,male,TD,.,.,Target_Child,.,.,189,983,5.201,3.881
030726.cha,eng,MacWhinney,CHI,3;07.26,male,TD,.,.,Target_Child,.,.,245,1355,5.531,5.536
030803a.cha,eng,MacWhinney,CHI,3;08.03,male,TD,.,.,Target_Child,.,.,234,1211,5.175,5.071
030803b.cha,eng,MacWhinney,CHI,3;08.03,male,TD,.,.,Target_Child,.,.,186,1023,5.5,4.916
030804.cha,eng,MacWhinney,CHI,3;08.04,male,TD,.,.,Target_Child,.,.,192,1024,5.333,6.351
030805.cha,eng,MacWhinney,CHI,3;08.05,male,TD,.,.,Target_Child,.,.,150,1025,6.833,7.634
030818.cha,eng,MacWhinney,CHI,3;08.18,male,TD,.,.,Target_Child,.,.,206,1105,5.364,4.263
030901.cha,eng,MacWhinney,CHI,3;09.01,male,TD,.,.,Target_Child,.,.,143,783,5.476,5.017
031001.cha,eng,MacWhinney,CHI,3;10.01,male,TD,.,.,Target_Child,.,.,242,1353,5.591,4.072
031021.cha,eng,MacWhinney,CHI,3;10.21,male,TD,.,.,Target_Child,.,.,30,164,5.467,4.801
031027.cha,eng,MacWhinney,CHI,3;10.27,male,TD,.,.,Target_Child,.,.,92,549,5.967,3.54
031109.cha,eng,MacWhinney,CHI,3;11.09,male,TD,.,.,Target_Child,.,.,138,699,5.065,3.594
031114.cha,eng,MacWhinney,CHI,3;11.14,male,TD,.,.,Target_Child,.,.,150,892,5.947,4.102
031128.cha,eng,MacWhinney,CHI,3;11.28,male,TD,.,.,Target_Child,.,.,171,1032,6.035,3.886
031130.cha,eng,MacWhinney,CHI,3;11.30,male,TD,.,.,Target_Child,.,.,160,853,5.331,3.866
040008.cha,eng,MacWhinney,CHI,4;00.08,male,TD,.,.,Target_Child,.,.,173,884,5.11,3.98
040019.cha,eng,MacWhinney,CHI,4;00.19,male,TD,.,.,Target_Child,.,.,195,1047,5.369,4.982
040101.cha,eng,MacWhinney,CHI,4;01.01,male,TD,.,.,Target_Child,.,.,131,801,6.115,4.509
040117a.cha,eng,MacWhinney,CHI,4;01.17,male,TD,.,.,Target_Child,.,.,161,975,6.056,5.002
040117b.cha,eng,MacWhinney,CHI,4;01.17,male,TD,.,.,Target_Child,.,.,160,856,5.35,5.107
040201.cha,eng,MacWhinney,CHI,4;02.01,male,TD,.,.,Target_Child,.,.,125,893,7.144,5.732
040204.cha,eng,MacWhinney,CHI,4;02.04,male,TD,.,.,Target_Child,.,.,144,813,5.646,4.931
040223.cha,eng,MacWhinney,CHI,4;02.23,male,TD,.,.,Target_Child,.,.,87,521,5.989,5.196
040305a.cha,eng,MacWhinney,CHI,4;03.05,male,TD,.,.,Target_Child,.,.,82,432,5.268,3.761
040305b.cha,eng,MacWhinney,CHI,4;03.05,male,TD,.,.,Target_Child,.,.,188,846,4.5,3.365
040315.cha,eng,MacWhinney,CHI,4;03.15,male,TD,.,.,Target_Child,.,.,142,853,6.007,4.18
040316a.cha,eng,MacWhinney,CHI,4;03.16,male,TD,.,.,Target_Child,.,.,142,697,4.908,4.455
040316b.cha,eng,MacWhinney,CHI,4;03.16,male,TD,.,.,Target_Child,.,.,106,559,5.274,5.358
040316c.cha,eng,MacWhinney,CHI,4;03.16,male,TD,.,.,Target_Child,.,.,138,817,5.92,5.525
040316d.cha,eng,MacWhinney,CHI,4;03.16,male,TD,.,.,Target_Child,.,.,201,799,3.975,3.508
040404a.cha,eng,MacWhinney,CHI,4;04.04,male,TD,.,.,Target_Child,.,.,91,498,5.473,3.584
040404b.cha,eng,MacWhinney,CHI,4;04.04,male,TD,.,.,Target_Child,.,.,186,1104,5.935,5.062
040404c.cha,eng,MacWhinney,CHI,4;04.04,male,TD,.,.,Target_Child,.,.,149,795,5.336,4.578
040404d.cha,eng,MacWhinney,CHI,4;04.04,male,TD,.,.,Target_Child,.,.,174,940,5.402,5.349
040508a.cha,eng,MacWhinney,CHI,4;05.08,male,TD,.,.,Target_Child,.,.,155,789,5.09,4.03
040508b.cha,eng,MacWhinney,CHI,4;05.08,male,TD,.,.,Target_Child,.,.,78,532,6.821,6.23
040508c.cha,eng,MacWhinney,CHI,4;05.08,male,TD,.,.,Target_Child,.,.,111,735,6.622,5.928
040508d.cha,eng,MacWhinney,CHI,4;05.08,male,TD,.,.,Target_Child,.,.,41,379,9.244,7.892
040601a.cha,eng,MacWhinney,CHI,4;06.01,male,TD,.,.,Target_Child,.,.,120,757,6.308,4.516
040601b.cha,eng,MacWhinney,CHI,4;06.01,male,TD,.,.,Target_Child,.,.,136,690,5.074,3.936
040601c.cha,eng,MacWhinney,CHI,4;06.01,male,TD,.,.,Target_Child,.,.,142,873,6.148,4.445
040601d.cha,eng,MacWhinney,CHI,4;06.01,male,TD,.,.,Target_Child,.,.,36,132,3.667,2.718
040800a.cha,eng,MacWhinney,CHI,4;08.,male,TD,.,.,Target_Child,.,.,120,916,7.633,4.912
040800b.cha,eng,MacWhinney,CHI,4;08.,male,TD,.,.,Target_Child,.,.,148,1021,6.899,5.4
040800c.cha,eng,MacWhinney,CHI,4;08.,male,TD,.,.,Target_Child,.,.,207,1367,6.604,6.069
040800d.cha,eng,MacWhinney,CHI,4;08.,male,TD,.,.,Target_Child,.,.,113,817,7.23,6.013
040920a.cha,eng,MacWhinney,CHI,4;09.20,male,TD,.,.,Target_Child,.,.,201,1303,6.483,5.801
040920b.cha,eng,MacWhinney,CHI,4;09.20,male,TD,.,.,Target_Child,.,.,25,101,4.04,3.292
040920c.cha,eng,MacWhinney,CHI,4;09.20,male,TD,.,.,Target_Child,.,.,145,863,5.952,5.461
040920d.cha,eng,MacWhinney,CHI,4;09.20,male,TD,.,.,Target_Child,.,.,138,980,7.101,6.754
041027a.cha,eng,MacWhinney,CHI,4;10.27,male,TD,.,.,Target_Child,.,.,164,974,5.939,5.911
041027b.cha,eng,MacWhinney,CHI,4;10.27,male,TD,.,.,Target_Child,.,.,181,917,5.066,4.722
041125a.cha,eng,MacWhinney,CHI,4;11.25,male,TD,.,.,Target_Child,.,.,131,690,5.267,5.728
041125b.cha,eng,MacWhinney,CHI,4;11.25,male,TD,.,.,Target_Child,.,.,155,942,6.077,4.73
041125c.cha,eng,MacWhinney,CHI,4;11.25,male,TD,.,.,Target_Child,.,.,130,888,6.831,5.444
041125d.cha,eng,MacWhinney,CHI,4;11.25,male,TD,.,.,Target_Child,.,.,203,1396,6.877,7.185
050120a.cha,eng,MacWhinney,CHI,5;01.20,male,TD,.,.,Target_Child,.,.,185,1138,6.151,5.311
050120b.cha,eng,MacWhinney,CHI,5;01.20,male,TD,.,.,Target_Child,.,.,169,914,5.408,4.286
050120c.cha,eng,MacWhinney,CHI,5;01.20,male,TD,.,.,Target_Child,.,.,94,649,6.904,6.353
050120d.cha,eng,MacWhinney,CHI,5;01.20,male,TD,.,.,Target_Child,.,.,114,669,5.868,5.388
050309a.cha,eng,MacWhinney,CHI,5;03.09,male,TD,.,.,Target_Child,.,.,140,1066,7.614,8.822
050309b.cha,eng,MacWhinney,CHI,5;03.09,male,TD,.,.,Target_Child,.,.,168,1029,6.125,5.456
050309c.cha,eng,MacWhinney,CHI,5;03.09,male,TD,.,.,Target_Child,.,.,201,1087,5.408,4.733
050309d.cha,eng,MacWhinney,CHI,5;03.09,male,TD,.,.,Target_Child,.,.,125,857,6.856,5.696
050420a.cha,eng,MacWhinney,CHI,5;04.20,male,TD,.,.,Target_Child,.,.,99,824,8.323,6.8
050420b.cha,eng,MacWhinney,CHI,5;04.20,male,TD,.,.,Target_Child,.,.,198,1800,9.091,8.702
050420c.cha,eng,MacWhinney,CHI,5;04.20,male,TD,.,.,Target_Child,.,.,186,1308,7.032,6.1
050420d.cha,eng,MacWhinney,CHI,5;04.20,male,TD,.,.,Target_Child,.,.,157,1186,7.554,7.372
050512.cha,eng,MacWhinney,CHI,5;05.12,male,.,.,.,Target_Child,.,.,101,806,7.98,7.282
050520a.cha,eng,MacWhinney,CHI,5;05.20,male,TD,.,.,Target_Child,.,.,78,493,6.321,6.309
050520b.cha,eng,MacWhinney,CHI,5;05.20,male,TD,.,.,Target_Child,.,.,110,846,7.691,9.244
050520c.cha,eng,MacWhinney,CHI,5;05.20,male,TD,.,.,Target_Child,.,.,67,445,6.642,5.987
050622a.cha,eng,MacWhinney,CHI,5;06.22,male,TD,.,.,Target_Child,.,.,113,551,4.876,3.656
050622b.cha,eng,MacWhinney,CHI,5;06.22,male,TD,.,.,Target_Child,.,.,59,378,6.407,7.093
050622c.cha,eng,MacWhinney,CHI,5;06.22,male,TD,.,.,Target_Child,.,.,84,478,5.69,4.117
050622d.cha,eng,MacWhinney,CHI,5;06.22,male,TD,.,.,Target_Child,.,.,89,461,5.18,4.619
050713a.cha,eng,MacWhinney,CHI,5;07.13,male,TD,.,.,Target_Child,.,.,58,421,7.259,6.622
050713b.cha,eng,MacWhinney,CHI,5;07.13,male,TD,.,.,Target_Child,.,.,44,330,7.5,7.018
050713c.cha,eng,MacWhinney,CHI,5;07.13,male,TD,.,.,Target_Child,.,.,38,265,6.974,6.205
050713d.cha,eng,MacWhinney,CHI,5;07.13,male,TD,.,.,Target_Child,.,.,115,544,4.73,4.561
050820a.cha,eng,MacWhinney,CHI,5;08.20,male,TD,.,.,Target_Child,.,.,53,270,5.094,3.52
050820b.cha,eng,MacWhinney,CHI,5;08.20,male,TD,.,.,Target_Child,.,.,21,125,5.952,5.843
050820c.cha,eng,MacWhinney,CHI,5;08.20,male,TD,.,.,Target_Child,.,.,155,735,4.742,3.198
050820d.cha,eng,MacWhinney,CHI,5;08.20,male,TD,.,.,Target_Child,.,.,56,400,7.143,6.402
050913a.cha,eng,MacWhinney,CHI,5;09.13,male,TD,.,.,Target_Child,.,.,147,592,4.027,3.629
050913c.cha,eng,MacWhinney,CHI,5;09.13,male,TD,.,.,Target_Child,.,.,71,307,4.324,3.134
051001a.cha,eng,MacWhinney,CHI,5;10.01,male,.,.,.,Target_Child,.,.,48,286,5.958,4.721
051001b.cha,eng,MacWhinney,CHI,5;10.01,male,.,.,.,Target_Child,.,.,79,329,4.165,3.803
051001c.cha,eng,MacWhinney,CHI,5;10.01,male,.,.,.,Target_Child,.,.,132,574,4.348,4.2
051001d.cha,eng,MacWhinney,CHI,5;10.01,male,.,.,.,Target_Child,.,.,95,550,5.789,4.434
051016a.cha,eng,MacWhinney,CHI,5;10.16,male,TD,.,.,Target_Child,.,.,10,86,8.6,5.407
051016b.cha,eng,MacWhinney,CHI,5;10.16,male,TD,.,.,Target_Child,.,.,124,778,6.274,4.906
051016c.cha,eng,MacWhinney,CHI,5;10.16,male,TD,.,.,Target_Child,.,.,8,53,6.625,2.643
051016d.cha,eng,MacWhinney,CHI,5;10.16,male,TD,.,.,Target_Child,.,.,17,153,9,5.325
051117a.cha,eng,MacWhinney,CHI,5;11.17,male,TD,.,.,Target_Child,.,.,56,195,3.482,2.398
051117b.cha,eng,MacWhinney,CHI,5;11.17,male,TD,.,.,Target_Child,.,.,84,627,7.464,7.489
051117c.cha,eng,MacWhinney,CHI,5;11.17,male,TD,.,.,Target_Child,.,.,76,474,6.237,5.885
051117d.cha,eng,MacWhinney,CHI,5;11.17,male,TD,.,.,Target_Child,.,.,65,351,5.4,6.784
060002a.cha,eng,MacWhinney,CHI,6;00.02,male,TD,.,.,Target_Child,.,.,24,189,7.875,7.049
060002b.cha,eng,MacWhinney,CHI,6;00.02,male,TD,.,.,Target_Child,.,.,103,709,6.883,6.023
060002c.cha,eng,MacWhinney,CHI,6;00.02,male,TD,.,.,Target_Child,.,.,96,647,6.74,5.667
060002d.cha,eng,MacWhinney,CHI,6;00.02,male,TD,.,.,Target_Child,.,.,50,265,5.3,3.905
060027b.cha,eng,MacWhinney,CHI,6;00.27,male,TD,.,.,Target_Child,.,.,139,762,5.482,4.554
060027c.cha,eng,MacWhinney,CHI,6;00.27,male,TD,.,.,Target_Child,.,.,60,386,6.433,5.46
060123a.cha,eng,MacWhinney,CHI,6;01.23,male,TD,.,.,Target_Child,.,.,15,111,7.4,8.122
060123b.cha,eng,MacWhinney,CHI,6;01.23,male,TD,.,.,Target_Child,.,.,92,415,4.511,4.236
060123c.cha,eng,MacWhinney,CHI,6;01.23,male,TD,.,.,Target_Child,.,.,52,198,3.808,3.497
060123d.cha,eng,MacWhinney,CHI,6;01.23,male,TD,.,.,Target_Child,.,.,57,238,4.175,2.927
060211a1.cha,eng,MacWhinney,CHI,6;02.11,.,.,.,.,Target_Child,.,.,21,60,2.857,1.726
060211a2.cha,eng,MacWhinney,CHI,6;02.11,.,.,.,.,Target_Child,.,.,160,636,3.975,3.63
060211b1.cha,eng,MacWhinney,CHI,6;02.11,.,.,.,.,Target_Child,.,.,98,346,3.531,3.512
060211b2.cha,eng,MacWhinney,CHI,6;02.11,.,.,.,.,Target_Child,.,.,24,115,4.792,3.464
060222c.cha,eng,MacWhinney,CHI,6;02.22,male,TD,.,.,Target_Child,.,.,7,14,2,2.449
060222d.cha,eng,MacWhinney,CHI,6;02.22,male,TD,.,.,Target_Child,.,.,4,21,5.25,3.631
060302a.cha,eng,MacWhinney,CHI,6;03.02,male,TD,.,.,Target_Child,.,.,1,3,3,NA
060302d.cha,eng,MacWhinney,CHI,6;03.02,male,TD,.,.,Target_Child,.,.,8,71,8.875,9.714
060310a.cha,eng,MacWhinney,CHI,6;03.10,male,TD,.,.,Target_Child,.,.,80,365,4.563,3.449
060310b.cha,eng,MacWhinney,CHI,6;03.10,male,TD,.,.,Target_Child,.,.,132,1145,8.674,5.928
060310c.cha,eng,MacWhinney,CHI,6;03.10,male,TD,.,.,Target_Child,.,.,59,166,2.814,2.665
060310d.cha,eng,MacWhinney,CHI,6;03.10,male,TD,.,.,Target_Child,.,.,88,375,4.261,3.821
060310e.cha,eng,MacWhinney,CHI,6;03.10,male,TD,.,.,Target_Child,.,.,76,317,4.171,3.369
060323a.cha,eng,MacWhinney,CHI,6;03.23,male,TD,.,.,Target_Child,.,.,17,55,3.235,2.981
060323b.cha,eng,MacWhinney,CHI,6;03.23,male,TD,.,.,Target_Child,.,.,27,82,3.037,2.168
060328.cha,eng,MacWhinney,CHI,6;03.28,male,TD,.,.,Target_Child,.,.,116,335,2.888,2.063
060401.cha,eng,MacWhinney,CHI,6;04.01,male,TD,.,.,Target_Child,.,.,43,141,3.279,2.705
060406a1.cha,eng,MacWhinney,CHI,6;04.06,.,.,.,.,Target_Child,.,.,66,213,3.227,3.054
060406a2.cha,eng,MacWhinney,CHI,6;04.06,.,.,.,.,Target_Child,.,.,27,134,4.963,4.041
060406b1.cha,eng,MacWhinney,CHI,6;04.06,.,.,.,.,Target_Child,.,.,31,180,5.806,5.208
060406b2.cha,eng,MacWhinney,CHI,6;04.06,.,.,.,.,Target_Child,.,.,149,768,5.154,3.736
060422a.cha,eng,MacWhinney,CHI,6;04.22,male,TD,.,.,Target_Child,.,.,49,214,4.367,3.082
060422b.cha,eng,MacWhinney,CHI,6;04.22,male,TD,.,.,Target_Child,.,.,37,133,3.595,2.199
060422c.cha,eng,MacWhinney,CHI,6;04.22,male,TD,.,.,Target_Child,.,.,40,262,6.55,6.434
060422d.cha,eng,MacWhinney,CHI,6;04.22,male,TD,.,.,Target_Child,.,.,197,919,4.665,3.506
060530a.cha,eng,MacWhinney,CHI,6;05.30,male,TD,.,.,Target_Child,.,.,56,255,4.554,4.004
060530b.cha,eng,MacWhinney,CHI,6;05.30,male,TD,.,.,Target_Child,.,.,88,324,3.682,3.267
060530c.cha,eng,MacWhinney,CHI,6;05.30,male,TD,.,.,Target_Child,.,.,176,927,5.267,5.12
060530d.cha,eng,MacWhinney,CHI,6;05.30,male,TD,.,.,Target_Child,.,.,138,573,4.152,3.386
060701a.cha,eng,MacWhinney,CHI,6;07.01,male,TD,.,.,Target_Child,.,.,67,267,3.985,3.496
060701b.cha,eng,MacWhinney,CHI,6;07.01,male,TD,.,.,Target_Child,.,.,137,763,5.569,4.664
060701c.cha,eng,MacWhinney,CHI,6;07.01,male,TD,.,.,Target_Child,.,.,100,513,5.13,4.995
060701d.cha,eng,MacWhinney,CHI,6;07.01,male,TD,.,.,Target_Child,.,.,55,263,4.782,4.789
060714a.cha,eng,MacWhinney,CHI,6;07.14,male,.,.,.,Target_Child,.,.,58,260,4.483,4.515
060714b.cha,eng,MacWhinney,CHI,6;07.14,male,.,.,.,Target_Child,.,.,92,278,3.022,2.26
060714c.cha,eng,MacWhinney,CHI,6;07.14,male,.,.,.,Target_Child,.,.,44,244,5.545,5.207
060714d.cha,eng,MacWhinney,CHI,6;07.14,male,.,.,.,Target_Child,.,.,44,270,6.136,6.262
060807a.cha,eng,MacWhinney,CHI,6;08.07,male,TD,.,.,Target_Child,.,.,82,473,5.768,4.522
060807b.cha,eng,MacWhinney,CHI,6;08.07,male,TD,.,.,Target_Child,.,.,57,345,6.053,6.117
060807c.cha,eng,MacWhinney,CHI,6;08.07,male,TD,.,.,Target_Child,.,.,16,97,6.063,5.056
060807d.cha,eng,MacWhinney,CHI,6;08.07,male,TD,.,.,Target_Child,.,.,87,444,5.103,4.326
060906a.cha,eng,MacWhinney,CHI,6;09.06,male,TD,.,.,Target_Child,.,.,76,275,3.618,2.856
060906b.cha,eng,MacWhinney,CHI,6;09.06,male,TD,.,.,Target_Child,.,.,77,370,4.805,4.595
060906c.cha,eng,MacWhinney,CHI,6;09.06,male,TD,.,.,Target_Child,.,.,160,628,3.925,3.116
060906d.cha,eng,MacWhinney,CHI,6;09.06,male,TD,.,.,Target_Child,.,.,105,414,3.943,2.742
060922a.cha,eng,MacWhinney,CHI,6;09.22,male,TD,.,.,Target_Child,.,.,141,479,3.397,3.126
060922b.cha,eng,MacWhinney,CHI,6;09.22,male,TD,.,.,Target_Child,.,.,114,452,3.965,4.774
060922c.cha,eng,MacWhinney,CHI,6;09.22,male,TD,.,.,Target_Child,.,.,106,456,4.302,4.061
060922d.cha,eng,MacWhinney,CHI,6;09.22,male,TD,.,.,Target_Child,.,.,104,420,4.038,3.86
061017a.cha,eng,MacWhinney,CHI,6;10.17,male,TD,.,.,Target_Child,.,.,127,618,4.866,4.249
061017b.cha,eng,MacWhinney,CHI,6;10.17,male,TD,.,.,Target_Child,.,.,153,699,4.569,4.514
061017c.cha,eng,MacWhinney,CHI,6;10.17,male,TD,.,.,Target_Child,.,.,74,286,3.865,3.081
061017d.cha,eng,MacWhinney,CHI,6;10.17,male,TD,.,.,Target_Child,.,.,129,508,3.938,3.432
061119a.cha,eng,MacWhinney,CHI,6;11.19,male,TD,.,.,Target_Child,.,.,56,191,3.411,2.757
061119b.cha,eng,MacWhinney,CHI,6;11.19,male,TD,.,.,Target_Child,.,.,121,639,5.281,3.881
061119c.cha,eng,MacWhinney,CHI,6;11.19,male,TD,.,.,Target_Child,.,.,53,234,4.415,3.863
061119d.cha,eng,MacWhinney,CHI,6;11.19,male,TD,.,.,Target_Child,.,.,33,159,4.818,4.536
070018a.cha,eng,MacWhinney,CHI,7;00.18,male,TD,.,.,Target_Child,.,.,69,267,3.87,2.565
070018b.cha,eng,MacWhinney,CHI,7;00.18,male,TD,.,.,Target_Child,.,.,147,793,5.395,4.459
070018c.cha,eng,MacWhinney,CHI,7;00.18,male,TD,.,.,Target_Child,.,.,145,867,5.979,6.012
070018d.cha,eng,MacWhinney,CHI,7;00.18,male,TD,.,.,Target_Child,.,.,75,330,4.4,4
070309a.cha,eng,MacWhinney,CHI,7;03.09,male,.,.,.,Target_Child,.,.,90,406,4.511,3.813
070309b.cha,eng,MacWhinney,CHI,7;03.09,male,.,.,.,Target_Child,.,.,51,174,3.412,2.116
070309c.cha,eng,MacWhinney,CHI,7;03.09,male,.,.,.,Target_Child,.,.,1,2,2,NA
070318.cha,eng,MacWhinney,CHI,7;03.18,male,.,.,.,Target_Child,.,.,69,290,4.203,3.458
070318b.cha,eng,MacWhinney,CHI,7;03.18,male,.,.,.,Target_Child,.,.,56,233,4.161,3.769
070318c.cha,eng,MacWhinney,CHI,7;03.18,male,.,.,.,Target_Child,.,.,100,377,3.77,3.174
070318d.cha,eng,MacWhinney,CHI,7;03.18,male,.,.,.,Target_Child,.,.,66,289,4.379,3.338
070503a.cha,eng,MacWhinney,CHI,7;05.03,male,.,.,.,Target_Child,.,.,104,378,3.635,2.987
070503b.cha,eng,MacWhinney,CHI,7;05.03,male,.,.,.,Target_Child,.,.,22,64,2.909,1.856
070503c.cha,eng,MacWhinney,CHI,7;05.03,male,.,.,.,Target_Child,.,.,35,117,3.343,3.561
070503d.cha,eng,MacWhinney,CHI,7;05.03,male,.,.,.,Target_Child,.,.,172,550,3.198,2.347
070518a.cha,eng,MacWhinney,CHI,7;05.18,male,.,.,.,Target_Child,.,.,97,422,4.351,3.636
070518b.cha,eng,MacWhinney,CHI,7;05.18,male,.,.,.,Target_Child,.,.,58,258,4.448,2.842
070518c.cha,eng,MacWhinney,CHI,7;05.18,male,.,.,.,Target_Child,.,.,248,1249,5.036,4.26
070518d.cha,eng,MacWhinney,CHI,7;05.18,male,.,.,.,Target_Child,.,.,136,646,4.75,4.247
070600b.cha,eng,MacWhinney,CHI,7;06.10,male,.,.,.,Target_Child,.,.,50,270,5.4,4.486
070600c.cha,eng,MacWhinney,CHI,7;06.10,male,.,.,.,Target_Child,.,.,169,919,5.438,4.228
070600d.cha,eng,MacWhinney,CHI,7;06.10,male,.,.,.,Target_Child,.,.,92,567,6.163,5.705
070702.cha,eng,MacWhinney,CHI,7;07.02,male,.,.,.,Target_Child,.,.,74,329,4.446,4.473
070712.cha,eng,MacWhinney,CHI,7;07.12,male,.,.,.,Target_Child,.,.,95,506,5.326,4.582
070722.cha,eng,MacWhinney,CHI,7;07.22,male,.,.,.,Target_Child,.,.,48,226,4.708,5.164
070802.cha,eng,MacWhinney,CHI,7;08.02,male,.,.,.,Target_Child,.,.,37,168,4.541,3.71
