Folder,File,IPSyn Score
MacWhinney,010411a.cha,25
MacWhinney,010411b.cha,23
MacWhinney,010425a.cha,22
MacWhinney,010523.cha,31
MacWhinney,010609.cha,26
MacWhinney,020409.cha,41
MacWhinney,020514a.cha,39
MacWhinney,020514b.cha,28
MacWhinney,020608.cha,39
MacWhinney,020617a.cha,37
MacWhinney,020617b.cha,39
MacWhinney,020617c.cha,41
MacWhinney,020617d.cha,39
MacWhinney,020617e.cha,31
MacWhinney,020617f.cha,44
MacWhinney,020627.cha,38
MacWhinney,020817b.cha,45
MacWhinney,020827c.cha,63
MacWhinney,020909a.cha,56
MacWhinney,020909b.cha,62
MacWhinney,020915.cha,60
MacWhinney,020921.cha,53
MacWhinney,020923.cha,55
MacWhinney,020925.cha,49
MacWhinney,020928.cha,49
MacWhinney,021001a.cha,59
MacWhinney,021001b.cha,51
MacWhinney,021001c.cha,55
MacWhinney,021001d.cha,63
MacWhinney,021017a.cha,66
MacWhinney,021017c.cha,58
MacWhinney,021022a.cha,56
MacWhinney,021022b.cha,59
MacWhinney,021100a.cha,63
MacWhinney,021100b.cha,56
MacWhinney,021101.cha,63
MacWhinney,021107.cha,48
MacWhinney,021109.cha,47
MacWhinney,021114.cha,65
MacWhinney,030001a.cha,60
MacWhinney,030001b.cha,65
MacWhinney,030001c.cha,65
MacWhinney,030017.cha,68
MacWhinney,030018a.cha,54
MacWhinney,030018b.cha,71
MacWhinney,030105a.cha,51
MacWhinney,030105b.cha,57
MacWhinney,030105c.cha,68
MacWhinney,030105d.cha,56
MacWhinney,030202.cha,66
MacWhinney,030213a.cha,44
MacWhinney,030213b.cha,69
MacWhinney,030221.cha,60
MacWhinney,030315a.cha,61
MacWhinney,030315b.cha,71
MacWhinney,030315c.cha,56
MacWhinney,030315d.cha,62
MacWhinney,030323.cha,66
MacWhinney,030327.cha,68
MacWhinney,030328.cha,54
MacWhinney,030329a.cha,55
MacWhinney,030329b.cha,62
MacWhinney,030401.cha,64
MacWhinney,030403a.cha,57
MacWhinney,030403b.cha,55
MacWhinney,030426a.cha,63
MacWhinney,030426b.cha,46
MacWhinney,030428.cha,56
MacWhinney,030429.cha,60
MacWhinney,030512.cha,55
MacWhinney,030516.cha,58
MacWhinney,030522.cha,59
MacWhinney,030526a.cha,66
MacWhinney,030526b.cha,70
MacWhinney,030602.cha,70
MacWhinney,030607.cha,64
MacWhinney,030616.cha,69
MacWhinney,030625a.cha,62
MacWhinney,030625b.cha,67
MacWhinney,030628.cha,62
MacWhinney,030704.cha,67
MacWhinney,030720.cha,70
MacWhinney,030726.cha,52
MacWhinney,030803a.cha,77
MacWhinney,030803b.cha,66
MacWhinney,030804.cha,72
MacWhinney,030805.cha,65
MacWhinney,030818.cha,65
MacWhinney,030901.cha,61
MacWhinney,031001.cha,65
MacWhinney,031027.cha,63
MacWhinney,031109.cha,61
MacWhinney,031114.cha,63
MacWhinney,031128.cha,73
MacWhinney,031130.cha,66
MacWhinney,040008.cha,60
MacWhinney,040019.cha,67
MacWhinney,040101.cha,73
MacWhinney,040117a.cha,63
MacWhinney,040117b.cha,66
MacWhinney,040201.cha,75
MacWhinney,040204.cha,67
MacWhinney,040223.cha,72
MacWhinney,040305a.cha,69
MacWhinney,040305b.cha,52
MacWhinney,040315.cha,69
MacWhinney,040316a.cha,55
MacWhinney,040316b.cha,62
MacWhinney,040316c.cha,59
MacWhinney,040316d.cha,42
MacWhinney,040404a.cha,65
MacWhinney,040404b.cha,61
MacWhinney,040404c.cha,65
MacWhinney,040404d.cha,69
MacWhinney,040508a.cha,70
MacWhinney,040508b.cha,72
MacWhinney,040508c.cha,67
MacWhinney,040601a.cha,61
MacWhinney,040601b.cha,67
MacWhinney,040601c.cha,64
MacWhinney,040800a.cha,65
MacWhinney,040800b.cha,72
MacWhinney,040800c.cha,69
MacWhinney,040800d.cha,70
MacWhinney,040920a.cha,72
MacWhinney,040920c.cha,63
MacWhinney,040920d.cha,67
MacWhinney,041027a.cha,56
MacWhinney,041027b.cha,62
MacWhinney,041125a.cha,74
MacWhinney,041125b.cha,70
MacWhinney,041125c.cha,76
MacWhinney,041125d.cha,66
MacWhinney,050120a.cha,69
MacWhinney,050120b.cha,65
MacWhinney,050120c.cha,66
MacWhinney,050120d.cha,71
MacWhinney,050309a.cha,71
MacWhinney,050309b.cha,56
MacWhinney,050309c.cha,65
MacWhinney,050309d.cha,69
MacWhinney,050420a.cha,65
MacWhinney,050420b.cha,63
MacWhinney,050420c.cha,67
MacWhinney,050420d.cha,82
MacWhinney,050512.cha,68
MacWhinney,050520a.cha,71
MacWhinney,050520b.cha,67
MacWhinney,050520c.cha,67
MacWhinney,050622a.cha,65
MacWhinney,050622b.cha,70
MacWhinney,050622c.cha,68
MacWhinney,050622d.cha,67
MacWhinney,050713a.cha,72
MacWhinney,050713d.cha,66
MacWhinney,050820a.cha,60
MacWhinney,050820c.cha,47
MacWhinney,050820d.cha,72
MacWhinney,050913a.cha,59
MacWhinney,050913c.cha,58
MacWhinney,051001b.cha,65
MacWhinney,051001c.cha,63
MacWhinney,051001d.cha,64
MacWhinney,051016b.cha,64
MacWhinney,051117a.cha,53
MacWhinney,051117b.cha,71
MacWhinney,051117c.cha,74
MacWhinney,051117d.cha,54
MacWhinney,060002b.cha,69
MacWhinney,060002c.cha,57
MacWhinney,060027b.cha,62
MacWhinney,060027c.cha,76
MacWhinney,060123b.cha,66
MacWhinney,060123d.cha,58
MacWhinney,060211a2.cha,66
MacWhinney,060211b1.cha,55
MacWhinney,060310a.cha,52
MacWhinney,060310b.cha,64
MacWhinney,060310d.cha,58
MacWhinney,060310e.cha,69
MacWhinney,060328.cha,32
MacWhinney,060406a1.cha,55
MacWhinney,060406b2.cha,64
MacWhinney,060422d.cha,65
MacWhinney,060530b.cha,52
MacWhinney,060530c.cha,55
MacWhinney,060530d.cha,60
MacWhinney,060701a.cha,57
MacWhinney,060701b.cha,69
MacWhinney,060701c.cha,68
MacWhinney,060714a.cha,60
MacWhinney,060714b.cha,52
MacWhinney,060807a.cha,65
MacWhinney,060807b.cha,75
MacWhinney,060807d.cha,66
MacWhinney,060906a.cha,50
MacWhinney,060906b.cha,67
MacWhinney,060906c.cha,57
MacWhinney,060906d.cha,62
MacWhinney,060922a.cha,47
MacWhinney,060922b.cha,46
MacWhinney,060922c.cha,54
MacWhinney,060922d.cha,69
MacWhinney,061017a.cha,63
MacWhinney,061017b.cha,65
MacWhinney,061017c.cha,56
MacWhinney,061017d.cha,62
MacWhinney,061119b.cha,69
MacWhinney,070018a.cha,54
MacWhinney,070018b.cha,61
MacWhinney,070018c.cha,62
MacWhinney,070018d.cha,64
MacWhinney,070309a.cha,58
MacWhinney,070318.cha,55
MacWhinney,070318b.cha,55
MacWhinney,070318c.cha,54
MacWhinney,070318d.cha,66
MacWhinney,070503a.cha,34
MacWhinney,070503d.cha,41
MacWhinney,070518a.cha,63
MacWhinney,070518b.cha,53
MacWhinney,070518c.cha,56
MacWhinney,070518d.cha,70
MacWhinney,070600b.cha,63
MacWhinney,070600c.cha,67
MacWhinney,070600d.cha,71
MacWhinney,070702.cha,66
MacWhinney,070712.cha,68
