Folder,File,IPSyn Score
MacWhinney,010411a.cha,53
MacWhinney,010411b.cha,48
MacWhinney,010523.cha,61
MacWhinney,010609.cha,55
MacWhinney,020514a.cha,71
MacWhinney,020514b.cha,64
MacWhinney,020617a.cha,70
MacWhinney,020617b.cha,73
MacWhinney,020617c.cha,83
MacWhinney,020617d.cha,75
MacWhinney,020617e.cha,64
MacWhinney,020627.cha,76
MacWhinney,020909a.cha,89
MacWhinney,020925.cha,82
MacWhinney,021001c.cha,88
MacWhinney,021017c.cha,85
MacWhinney,021022a.cha,88
MacWhinney,021100b.cha,89
MacWhinney,021107.cha,89
MacWhinney,021114.cha,95
MacWhinney,030001a.cha,92
MacWhinney,030017.cha,100
MacWhinney,030018a.cha,87
MacWhinney,030018b.cha,99
MacWhinney,030105a.cha,94
MacWhinney,030105b.cha,90
MacWhinney,030213a.cha,91
MacWhinney,030213b.cha,99
MacWhinney,030221.cha,92
MacWhinney,030315a.cha,96
MacWhinney,030315b.cha,99
MacWhinney,030315c.cha,96
MacWhinney,030315d.cha,98
MacWhinney,030323.cha,102
MacWhinney,030327.cha,103
MacWhinney,030328.cha,91
MacWhinney,030329a.cha,85
MacWhinney,030329b.cha,94
MacWhinney,030403a.cha,93
MacWhinney,030403b.cha,93
MacWhinney,030426a.cha,92
MacWhinney,030426b.cha,90
MacWhinney,030428.cha,94
MacWhinney,030429.cha,94
MacWhinney,030512.cha,91
MacWhinney,030516.cha,103
MacWhinney,030522.cha,98
MacWhinney,030526a.cha,97
MacWhinney,030526b.cha,102
MacWhinney,030602.cha,99
MacWhinney,030607.cha,94
MacWhinney,030616.cha,97
MacWhinney,030625a.cha,91
MacWhinney,030704.cha,96
MacWhinney,030720.cha,100
MacWhinney,030726.cha,94
MacWhinney,030803a.cha,101
MacWhinney,030803b.cha,100
MacWhinney,030804.cha,104
MacWhinney,030805.cha,99
MacWhinney,030818.cha,95
MacWhinney,030901.cha,96
MacWhinney,031001.cha,99
MacWhinney,031109.cha,93
MacWhinney,031114.cha,101
MacWhinney,031128.cha,104
MacWhinney,031130.cha,97
MacWhinney,040008.cha,99
MacWhinney,040019.cha,95
MacWhinney,040101.cha,102
MacWhinney,040117a.cha,95
MacWhinney,040117b.cha,96
MacWhinney,040201.cha,103
MacWhinney,040204.cha,96
MacWhinney,040305b.cha,93
MacWhinney,040315.cha,99
MacWhinney,040316a.cha,92
MacWhinney,040316c.cha,100
MacWhinney,040316d.cha,80
MacWhinney,040404b.cha,100
MacWhinney,040404c.cha,96
MacWhinney,040404d.cha,101
MacWhinney,040508a.cha,99
MacWhinney,040601a.cha,95
MacWhinney,040601b.cha,96
MacWhinney,040601c.cha,97
MacWhinney,040800a.cha,99
MacWhinney,040800b.cha,100
MacWhinney,040800c.cha,103
MacWhinney,040800d.cha,100
MacWhinney,040920a.cha,101
MacWhinney,040920c.cha,98
MacWhinney,040920d.cha,100
MacWhinney,041027a.cha,94
MacWhinney,041027b.cha,93
MacWhinney,041125a.cha,100
MacWhinney,041125b.cha,100
MacWhinney,041125c.cha,105
MacWhinney,041125d.cha,98
MacWhinney,050120a.cha,96
MacWhinney,050120b.cha,101
MacWhinney,050309a.cha,103
MacWhinney,050309b.cha,100
MacWhinney,050309c.cha,95
MacWhinney,050309d.cha,97
MacWhinney,050420b.cha,98
MacWhinney,050420c.cha,101
MacWhinney,050420d.cha,106
MacWhinney,050520b.cha,95
MacWhinney,050622a.cha,93
MacWhinney,050820c.cha,85
MacWhinney,060027b.cha,93
MacWhinney,060211a2.cha,96
MacWhinney,060310b.cha,95
MacWhinney,060406b2.cha,99
MacWhinney,060422d.cha,94
MacWhinney,060530c.cha,92
MacWhinney,060530d.cha,93
MacWhinney,060701b.cha,97
MacWhinney,060906c.cha,92
MacWhinney,060922a.cha,85
MacWhinney,061017b.cha,103
MacWhinney,061017d.cha,94
MacWhinney,061119b.cha,98
MacWhinney,070018b.cha,99
MacWhinney,070018c.cha,97
MacWhinney,070503d.cha,80
MacWhinney,070518c.cha,89
MacWhinney,070518d.cha,99
MacWhinney,070600c.cha,98
