Folder,File,IPSyn Score
Snow,020518a.cha,27
Snow,020518b.cha,37
Snow,020518c.cha,30
Snow,020600a.cha,28
Snow,020600b.cha,30
Snow,020600c.cha,30
Snow,020603.cha,30
Snow,020616.cha,40
Snow,020622a.cha,36
Snow,020622b.cha,35
Snow,020701a.cha,32
Snow,020701b.cha,29
Snow,020804a.cha,25
Snow,020819a.cha,39
Snow,020819b.cha,22
Snow,020819c.cha,27
Snow,020819d.cha,39
Snow,030019b.cha,38
Snow,030021a.cha,41
Snow,030021b.cha,47
Snow,030106a.cha,20
Snow,030106c.cha,39
Snow,030227a.cha,37
Snow,030227b.cha,46
Snow,030408a.cha,61
Snow,030408b.cha,37
Snow,030408c.cha,57
Snow,030409a.cha,35
Snow,030409b.cha,38
Snow,030410a.cha,37
Snow,030410b.cha,36
Snow,030418.cha,49
Snow,030421a.cha,52
Snow,030421b.cha,45
Snow,030902.cha,58
Snow,030904.cha,40
