File,Language,Corpus,Code,Age,Sex,Group,Race,SES,Role,Education,Custom_field,#utterances,#morphemes,morphemes/utterances,Standard deviation
020518a.cha,eng,Snow,CHI,2;05.18,male,TD,.,.,Target_Child,.,.,289,727,2.516,1.632
020518b.cha,eng,Snow,CHI,2;05.18,male,TD,.,.,Target_Child,.,.,1319,3221,2.442,1.491
020518c.cha,eng,Snow,CHI,2;05.18,male,TD,.,.,Target_Child,.,.,567,1474,2.6,1.701
020600a.cha,eng,Snow,CHI,2;06.00,male,TD,.,.,Target_Child,.,.,447,1309,2.928,1.642
020600b.cha,eng,Snow,CHI,2;06.00,male,TD,.,.,Target_Child,.,.,310,860,2.774,1.414
020600c.cha,eng,Snow,CHI,2;06.00,male,TD,.,.,Target_Child,.,.,323,851,2.635,1.469
020603.cha,eng,Snow,CHI,2;06.03,male,TD,.,.,Target_Child,.,.,136,404,2.971,1.529
020616.cha,eng,Snow,CHI,2;06.16,male,TD,.,.,Target_Child,.,.,414,1159,2.8,1.734
020622a.cha,eng,Snow,CHI,2;06.22,male,TD,.,.,Target_Child,.,.,1408,4156,2.952,1.871
020622b.cha,eng,Snow,CHI,2;06.22,male,TD,.,.,Target_Child,.,.,378,1010,2.672,1.676
020701a.cha,eng,Snow,CHI,2;07.01,male,TD,.,.,Target_Child,.,.,275,821,2.985,2.071
020701b.cha,eng,Snow,CHI,2;07.01,male,TD,.,.,Target_Child,.,.,321,1141,3.555,1.971
020804a.cha,eng,Snow,CHI,2;08.04,male,TD,.,.,Target_Child,.,.,240,785,3.271,1.76
020804b.cha,eng,Snow,CHI,2;08.04,male,TD,.,.,Target_Child,.,.,82,215,2.622,1.322
020819a.cha,eng,Snow,CHI,2;08.19,male,TD,.,.,Target_Child,.,.,88,248,2.818,1.709
020819b.cha,eng,Snow,CHI,2;08.19,male,TD,.,.,Target_Child,.,.,80,197,2.463,1.129
020819c.cha,eng,Snow,CHI,2;08.19,male,TD,.,.,Target_Child,.,.,261,704,2.697,1.461
020819d.cha,eng,Snow,CHI,2;08.19,male,TD,.,.,Target_Child,.,.,436,1244,2.853,1.746
030019a.cha,eng,Snow,CHI,3;00.19,male,TD,.,.,Target_Child,.,.,60,197,3.283,2.464
030019b.cha,eng,Snow,CHI,3;00.19,male,TD,.,.,Target_Child,.,.,609,1815,2.98,2.161
030021a.cha,eng,Snow,CHI,3;00.21,male,TD,.,.,Target_Child,.,.,333,1090,3.273,2.177
030021b.cha,eng,Snow,CHI,3;00.21,male,TD,.,.,Target_Child,.,.,218,766,3.514,2.452
030106a.cha,eng,Snow,CHI,3;01.06,male,TD,.,.,Target_Child,.,.,109,175,1.606,1.117
030106b.cha,eng,Snow,CHI,3;01.06,male,TD,.,.,Target_Child,.,.,11,36,3.273,2.526
030106c.cha,eng,Snow,CHI,3;01.06,male,TD,.,.,Target_Child,.,.,71,242,3.408,3.527
030227a.cha,eng,Snow,CHI,3;02.27,male,TD,.,.,Target_Child,.,.,491,1430,2.912,1.972
030227b.cha,eng,Snow,CHI,3;02.27,male,TD,.,.,Target_Child,.,.,168,610,3.631,2.494
030302.cha,eng,Snow,CHI,3;03.02,male,TD,.,.,Target_Child,.,.,48,197,4.104,2.494
030408a.cha,eng,Snow,CHI,3;04.08,male,TD,.,.,Target_Child,.,.,99,468,4.727,2.863
030408b.cha,eng,Snow,CHI,3;04.08,male,TD,.,.,Target_Child,.,.,241,708,2.938,1.699
030408c.cha,eng,Snow,CHI,3;04.08,male,TD,.,.,Target_Child,.,.,250,989,3.956,2.693
030409a.cha,eng,Snow,CHI,3;04.09,male,TD,.,.,Target_Child,.,.,225,739,3.284,1.943
030409b.cha,eng,Snow,CHI,3;04.09,male,TD,.,.,Target_Child,.,.,387,1289,3.331,2.331
030410a.cha,eng,Snow,CHI,3;04.10,male,TD,.,.,Target_Child,.,.,463,1401,3.026,2.244
030410b.cha,eng,Snow,CHI,3;04.10,male,TD,.,.,Target_Child,.,.,495,1705,3.444,2.511
030418.cha,eng,Snow,CHI,3;04.18,male,TD,.,.,Target_Child,.,.,316,905,2.864,1.897
030421a.cha,eng,Snow,CHI,3;04.21,male,TD,.,.,Target_Child,.,.,424,1528,3.604,2.659
030421b.cha,eng,Snow,CHI,3;04.21,male,TD,.,.,Target_Child,.,.,161,520,3.23,2.142
030716.cha,eng,Snow,CHI,3;07.16,male,TD,.,.,Target_Child,.,.,46,162,3.522,2.834
030902.cha,eng,Snow,CHI,3;09.02,male,TD,.,.,Target_Child,.,.,192,528,2.75,2.409
030904.cha,eng,Snow,CHI,3;09.04,male,TD,.,.,Target_Child,.,.,74,279,3.77,2.878
