Folder,File,IPSyn Score
Snow,020518a.cha,54
Snow,020518b.cha,65
Snow,020518c.cha,59
Snow,020600a.cha,67
Snow,020600b.cha,57
Snow,020600c.cha,56
Snow,020603.cha,62
Snow,020616.cha,68
Snow,020622a.cha,73
Snow,020622b.cha,61
Snow,020701a.cha,63
Snow,020701b.cha,61
Snow,020804a.cha,55
Snow,020819c.cha,56
Snow,020819d.cha,72
Snow,030019b.cha,75
Snow,030021a.cha,74
Snow,030021b.cha,81
Snow,030227a.cha,70
Snow,030227b.cha,82
Snow,030408b.cha,68
Snow,030408c.cha,85
Snow,030409a.cha,70
Snow,030409b.cha,77
Snow,030410a.cha,78
Snow,030410b.cha,83
Snow,030418.cha,80
Snow,030421a.cha,87
Snow,030421b.cha,80
Snow,030902.cha,87
