File,Language,Corpus,Code,Age,Sex,Group,Race,SES,Role,Education,Custom_field,#utterances,#morphemes,morphemes/utterances,Standard deviation
010229.cha,eng,Sachs,CHI,1;02.29,female,.,.,.,Target_Child,.,.,23,29,1.261,0.529
010616.cha,eng,Sachs,CHI,1;06.16,female,.,.,.,Target_Child,.,.,473,576,1.218,0.572
010800.cha,eng,Sachs,CHI,1;08.,female,.,.,.,Target_Child,.,.,187,251,1.342,0.595
010806.cha,eng,Sachs,CHI,1;08.06,female,.,.,.,Target_Child,.,.,155,167,1.077,0.267
010829.cha,eng,Sachs,CHI,1;08.29,female,.,.,.,Target_Child,.,.,75,106,1.413,0.634
010907.cha,eng,Sachs,CHI,1;09.07,female,.,.,.,Target_Child,.,.,51,81,1.588,0.566
010910.cha,eng,Sachs,CHI,1;09.10,female,.,.,.,Target_Child,.,.,48,65,1.354,0.803
010926.cha,eng,Sachs,CHI,1;09.26,female,.,.,.,Target_Child,.,.,24,40,1.667,0.799
011003.cha,eng,Sachs,CHI,1;10.03,female,.,.,.,Target_Child,.,.,184,295,1.603,0.692
011010a.cha,eng,Sachs,CHI,1;10.10,female,.,.,.,Target_Child,.,.,177,303,1.712,0.878
011010b.cha,eng,Sachs,CHI,1;10.10,female,.,.,.,Target_Child,.,.,233,389,1.67,0.858
011011.cha,eng,Sachs,CHI,1;10.11,female,.,.,.,Target_Child,.,.,223,371,1.664,0.867
011014.cha,eng,Sachs,CHI,1;10.14,female,.,.,.,Target_Child,.,.,167,266,1.593,0.711
011017.cha,eng,Sachs,CHI,1;10.17,female,.,.,.,Target_Child,.,.,151,326,2.159,1.599
011018.cha,eng,Sachs,CHI,1;10.18,female,.,.,.,Target_Child,.,.,443,829,1.871,0.839
011019.cha,eng,Sachs,CHI,1;10.19,female,.,.,.,Target_Child,.,.,148,276,1.865,0.827
011020.cha,eng,Sachs,CHI,1;10.20,female,.,.,.,Target_Child,.,.,57,118,2.07,0.876
011023.cha,eng,Sachs,CHI,1;10.23,female,.,.,.,Target_Child,.,.,101,177,1.752,0.837
011025.cha,eng,Sachs,CHI,1;10.25,female,.,.,.,Target_Child,.,.,134,286,2.134,1.028
011028.cha,eng,Sachs,CHI,1;10.28,female,.,.,.,Target_Child,.,.,193,378,1.959,0.886
011102.cha,eng,Sachs,CHI,1;11.02,female,.,.,.,Target_Child,.,.,159,365,2.296,1.174
011103.cha,eng,Sachs,CHI,1;11.03,female,.,.,.,Target_Child,.,.,167,408,2.443,1.087
011106.cha,eng,Sachs,CHI,1;11.06,female,.,.,.,Target_Child,.,.,244,651,2.668,1.238
011109.cha,eng,Sachs,CHI,1;11.09,female,.,.,.,Target_Child,.,.,136,304,2.235,1.052
011111.cha,eng,Sachs,CHI,1;11.11,female,.,.,.,Target_Child,.,.,179,438,2.447,1.058
011112.cha,eng,Sachs,CHI,1;11.12,female,.,.,.,Target_Child,.,.,39,92,2.359,0.974
011116.cha,eng,Sachs,CHI,1;11.16,female,.,.,.,Target_Child,.,.,81,196,2.42,0.873
011117.cha,eng,Sachs,CHI,1;11.17,female,.,.,.,Target_Child,.,.,76,160,2.105,0.882
011118.cha,eng,Sachs,CHI,1;11.18,female,.,.,.,Target_Child,.,.,109,279,2.56,1.145
011120.cha,eng,Sachs,CHI,1;11.20,female,.,.,.,Target_Child,.,.,90,295,3.278,1.687
011121.cha,eng,Sachs,CHI,1;11.21,female,.,.,.,Target_Child,.,.,205,514,2.507,1.15
011123.cha,eng,Sachs,CHI,1;11.23,female,.,.,.,Target_Child,.,.,123,300,2.439,1.142
011129.cha,eng,Sachs,CHI,1;11.29,female,.,.,.,Target_Child,.,.,135,336,2.489,1.186
011130.cha,eng,Sachs,CHI,1;11.30,female,.,.,.,Target_Child,.,.,162,338,2.086,1.124
020002.cha,eng,Sachs,CHI,2;00.02,female,.,.,.,Target_Child,.,.,224,558,2.491,1.323
020004.cha,eng,Sachs,CHI,2;00.04,female,.,.,.,Target_Child,.,.,10,12,1.2,0.4
020005.cha,eng,Sachs,CHI,2;00.05,female,.,.,.,Target_Child,.,.,277,673,2.43,1.213
020018.cha,eng,Sachs,CHI,2;00.18,female,.,.,.,Target_Child,.,.,535,1228,2.295,1.305
020019.cha,eng,Sachs,CHI,2;00.19,female,.,.,.,Target_Child,.,.,44,75,1.705,0.814
020026.cha,eng,Sachs,CHI,2;00.26,female,.,.,.,Target_Child,.,.,188,446,2.372,1.403
020027.cha,eng,Sachs,CHI,2;00.27,female,.,.,.,Target_Child,.,.,142,265,1.866,1.029
020028.cha,eng,Sachs,CHI,2;00.28,female,.,.,.,Target_Child,.,.,130,261,2.008,1.212
020100.cha,eng,Sachs,CHI,2;01.,female,.,.,.,Target_Child,.,.,124,287,2.315,1.26
020101.cha,eng,Sachs,CHI,2;01.01,female,.,.,.,Target_Child,.,.,191,383,2.005,1.151
020107.cha,eng,Sachs,CHI,2;01.07,female,.,.,.,Target_Child,.,.,99,241,2.434,1.257
020109.cha,eng,Sachs,CHI,2;01.09,female,.,.,.,Target_Child,.,.,186,475,2.554,1.407
020117.cha,eng,Sachs,CHI,2;01.17,female,.,.,.,Target_Child,.,.,525,1240,2.362,1.231
020125.cha,eng,Sachs,CHI,2;01.25,female,.,.,.,Target_Child,.,.,135,345,2.556,1.251
020126.cha,eng,Sachs,CHI,2;01.26,female,.,.,.,Target_Child,.,.,74,174,2.351,1.096
020200.cha,eng,Sachs,CHI,2;02.,female,.,.,.,Target_Child,.,.,56,115,2.054,1.093
020225.cha,eng,Sachs,CHI,2;02.25,female,.,.,.,Target_Child,.,.,216,576,2.667,1.68
020300.cha,eng,Sachs,CHI,2;03.,female,.,.,.,Target_Child,.,.,86,249,2.895,1.563
020317.cha,eng,Sachs,CHI,2;03.17,female,.,.,.,Target_Child,.,.,95,323,3.4,2.259
020319.cha,eng,Sachs,CHI,2;03.19,female,.,.,.,Target_Child,.,.,88,343,3.898,1.758
020321.cha,eng,Sachs,CHI,2;03.21,female,.,.,.,Target_Child,.,.,50,168,3.36,1.694
020329.cha,eng,Sachs,CHI,2;03.29,female,.,.,.,Target_Child,.,.,88,262,2.977,1.644
020404.cha,eng,Sachs,CHI,2;04.04,female,.,.,.,Target_Child,.,.,32,84,2.625,1.965
020405.cha,eng,Sachs,CHI,2;04.05,female,.,.,.,Target_Child,.,.,206,594,2.883,1.493
020416.cha,eng,Sachs,CHI,2;04.16,female,.,.,.,Target_Child,.,.,48,120,2.5,1.307
020430.cha,eng,Sachs,CHI,2;04.30,female,.,.,.,Target_Child,.,.,152,584,3.842,1.678
020505.cha,eng,Sachs,CHI,2;05.05,female,.,.,.,Target_Child,.,.,37,97,2.622,1.633
020508.cha,eng,Sachs,CHI,2;05.08,female,.,.,.,Target_Child,.,.,377,1328,3.523,1.775
020509.cha,eng,Sachs,CHI,2;05.09,female,.,.,.,Target_Child,.,.,44,150,3.409,2.06
020521.cha,eng,Sachs,CHI,2;05.21,female,.,.,.,Target_Child,.,.,11,34,3.091,2.314
020604.cha,eng,Sachs,CHI,2;06.04,female,.,.,.,Target_Child,.,.,36,118,3.278,1.483
020605.cha,eng,Sachs,CHI,2;06.05,female,.,.,.,Target_Child,.,.,77,252,3.273,1.911
020713.cha,eng,Sachs,CHI,2;07.13,female,.,.,.,Target_Child,.,.,63,189,3,1.799
020716.cha,eng,Sachs,CHI,2;07.16,female,.,.,.,Target_Child,.,.,420,1393,3.317,1.722
020814.cha,eng,Sachs,CHI,2;08.14,female,.,.,.,Target_Child,.,.,390,1233,3.162,1.986
020823.cha,eng,Sachs,CHI,2;08.23,female,.,.,.,Target_Child,.,.,224,712,3.179,1.743
020909.cha,eng,Sachs,CHI,2;09.09,female,.,.,.,Target_Child,.,.,188,670,3.564,1.868
020911.cha,eng,Sachs,CHI,2;09.11,female,.,.,.,Target_Child,.,.,37,119,3.216,2.002
021108.cha,eng,Sachs,CHI,2;11.08,female,.,.,.,Target_Child,.,.,156,472,3.026,2.181
021110.cha,eng,Sachs,CHI,2;11.10,female,.,.,.,Target_Child,.,.,142,233,1.641,1.218
021111.cha,eng,Sachs,CHI,2;11.11,female,.,.,.,Target_Child,.,.,35,151,4.314,2.734
021112.cha,eng,Sachs,CHI,2;11.12,female,.,.,.,Target_Child,.,.,370,1325,3.581,2.03
021113.cha,eng,Sachs,CHI,2;11.13,female,.,.,.,Target_Child,.,.,281,1091,3.883,2.488
021117.cha,eng,Sachs,CHI,2;11.17,female,.,.,.,Target_Child,.,.,34,122,3.588,2.13
021118.cha,eng,Sachs,CHI,2;11.18,female,.,.,.,Target_Child,.,.,124,383,3.089,1.918
021124.cha,eng,Sachs,CHI,2;11.24,female,.,.,.,Target_Child,.,.,88,131,1.489,0.754
030210.cha,eng,Sachs,CHI,3;02.10,female,.,.,.,Target_Child,.,.,246,814,3.309,2.061
030326.cha,eng,Sachs,CHI,3;03.26,female,.,.,.,Target_Child,.,.,108,336,3.111,2.153
030327.cha,eng,Sachs,CHI,3;03.27,female,.,.,.,Target_Child,.,.,315,1318,4.184,2.938
030400.cha,eng,Sachs,CHI,3;04.,female,.,.,.,Target_Child,.,.,271,1080,3.985,2.458
030418.cha,eng,Sachs,CHI,3;04.18,female,.,.,.,Target_Child,.,.,171,648,3.789,2.816
030503.cha,eng,Sachs,CHI,3;05.03,female,.,.,.,Target_Child,.,.,58,345,5.948,4.991
030504.cha,eng,Sachs,CHI,3;05.04,female,.,.,.,Target_Child,.,.,110,237,2.155,1.749
030506.cha,eng,Sachs,CHI,3;05.06,female,.,.,.,Target_Child,.,.,202,594,2.941,2.108
030507.cha,eng,Sachs,CHI,3;05.07,female,.,.,.,Target_Child,.,.,413,1426,3.453,2.464
030819.cha,eng,Sachs,CHI,3;08.19,female,.,.,.,Target_Child,.,.,193,550,2.85,2.155
040728.cha,eng,Sachs,CHI,4;07.28,female,.,.,.,Target_Child,.,.,290,1301,4.486,3.924
040729.cha,eng,Sachs,CHI,4;07.29,female,.,.,.,Target_Child,.,.,343,1603,4.673,3.062
040903.cha,eng,Sachs,CHI,4;09.03,female,.,.,.,Target_Child,.,.,567,2449,4.319,3.472
