Folder,File,IPSyn Score
Sachs,010616.cha,8
Sachs,010800.cha,10
Sachs,010806.cha,9
Sachs,011003.cha,17
Sachs,011010a.cha,21
Sachs,011010b.cha,21
Sachs,011011.cha,14
Sachs,011014.cha,15
Sachs,011017.cha,24
Sachs,011018.cha,17
Sachs,011019.cha,21
Sachs,011025.cha,27
Sachs,011028.cha,19
Sachs,011102.cha,27
Sachs,011103.cha,31
Sachs,011106.cha,27
Sachs,011109.cha,21
Sachs,011111.cha,25
Sachs,011117.cha,25
Sachs,011118.cha,25
Sachs,011120.cha,29
Sachs,011121.cha,31
Sachs,011123.cha,26
Sachs,011129.cha,33
Sachs,011130.cha,34
Sachs,020002.cha,32
Sachs,020005.cha,30
Sachs,020018.cha,20
Sachs,020026.cha,27
Sachs,020027.cha,25
Sachs,020028.cha,27
Sachs,020100.cha,22
Sachs,020101.cha,22
Sachs,020107.cha,25
Sachs,020109.cha,26
Sachs,020117.cha,22
Sachs,020125.cha,35
Sachs,020126.cha,22
Sachs,020225.cha,32
Sachs,020300.cha,26
Sachs,020317.cha,39
Sachs,020319.cha,42
Sachs,020329.cha,33
Sachs,020405.cha,33
Sachs,020430.cha,44
Sachs,020508.cha,39
Sachs,020605.cha,44
Sachs,020716.cha,37
Sachs,020814.cha,47
Sachs,020823.cha,45
Sachs,020909.cha,48
Sachs,021108.cha,40
Sachs,021110.cha,19
Sachs,021112.cha,44
Sachs,021113.cha,45
Sachs,021118.cha,43
Sachs,030210.cha,35
Sachs,030326.cha,47
Sachs,030327.cha,58
Sachs,030400.cha,62
Sachs,030418.cha,43
Sachs,030503.cha,62
Sachs,030504.cha,39
Sachs,030506.cha,57
Sachs,030507.cha,43
Sachs,030819.cha,42
Sachs,040728.cha,58
Sachs,040729.cha,62
Sachs,040903.cha,47
