Folder,File,IPSyn Score
Sachs,010616.cha,27
Sachs,011010b.cha,47
Sachs,011018.cha,46
Sachs,011028.cha,50
Sachs,011106.cha,55
Sachs,011121.cha,63
Sachs,020002.cha,63
Sachs,020005.cha,58
Sachs,020018.cha,50
Sachs,020101.cha,57
Sachs,020109.cha,52
Sachs,020117.cha,53
Sachs,020225.cha,64
Sachs,020405.cha,67
Sachs,020430.cha,75
Sachs,020508.cha,76
Sachs,020716.cha,69
Sachs,020814.cha,71
Sachs,020823.cha,74
Sachs,020909.cha,86
Sachs,021108.cha,78
Sachs,021112.cha,79
Sachs,021113.cha,77
Sachs,030210.cha,72
Sachs,030327.cha,85
Sachs,030400.cha,91
Sachs,030418.cha,80
Sachs,030506.cha,89
Sachs,030507.cha,85
Sachs,030819.cha,79
Sachs,040728.cha,100
Sachs,040729.cha,99
Sachs,040903.cha,77
