File,Language,Corpus,Code,Age,Sex,Group,Race,SES,Role,Education,Custom_field,#utterances,#morphemes,morphemes/utterances,Standard deviation
030100.ipcore.cex,.,.,*CHI:,.,.,.,.,.,.,.,.,50,122,2.44,1.687
030200.ipcore.cex,.,.,*CHI:,.,.,.,.,.,.,.,.,50,197,3.94,2.073
030300.ipcore.cex,.,.,*CHI:,.,.,.,.,.,.,.,.,49,136,2.776,1.581
030400.ipcore.cex,.,.,*CHI:,.,.,.,.,.,.,.,.,50,134,2.68,1.859
030500.ipcore.cex,.,.,*CHI:,.,.,.,.,.,.,.,.,50,183,3.66,1.925
030600.ipcore.cex,.,.,*CHI:,.,.,.,.,.,.,.,.,47,136,2.894,1.801
030700.ipcore.cex,.,.,*CHI:,.,.,.,.,.,.,.,.,50,158,3.16,2.053
030800.ipcore.cex,.,.,*CHI:,.,.,.,.,.,.,.,.,50,176,3.52,2.309
030900.ipcore.cex,.,.,*CHI:,.,.,.,.,.,.,.,.,50,187,3.74,2.348
031000.ipcore.cex,.,.,*CHI:,.,.,.,.,.,.,.,.,50,119,2.38,1.468
031100.ipcore.cex,.,.,*CHI:,.,.,.,.,.,.,.,.,50,147,2.94,1.714
