File,Language,Corpus,Code,Age,Sex,Group,Race,SES,Role,Education,Custom_field,#utterances,#morphemes,morphemes/utterances,Standard deviation
030100.cha,zho,TCCM,CHI,3;01.,.,.,.,.,Target_Child,.,.,286,755,2.64,1.71
030200.cha,zho,TCCM,CHI,3;02.,.,.,.,.,Target_Child,.,.,327,1097,3.355,2.179
030300.cha,zho,TCCM,CHI,3;03.,.,.,.,.,Target_Child,.,.,315,845,2.683,2.002
030400.cha,zho,TCCM,CHI,3;04.,.,.,.,.,Target_Child,.,.,198,489,2.47,1.585
030500.cha,zho,TCCM,CHI,3;05.,.,.,.,.,Target_Child,.,.,312,1068,3.423,2.469
030600.cha,zho,TCCM,CHI,3;06.,.,.,.,.,Target_Child,.,.,382,1312,3.435,2.38
030700.cha,zho,TCCM,CHI,3;07.,.,.,.,.,Target_Child,.,.,160,444,2.775,1.857
030800.cha,zho,TCCM,CHI,3;08.,.,.,.,.,Target_Child,.,.,311,1075,3.457,2.212
030900.cha,zho,TCCM,CHI,3;09.,.,.,.,.,Target_Child,.,.,394,1447,3.673,2.137
031000.cha,zho,TCCM,CHI,3;10.,.,.,.,.,Target_Child,.,.,320,1038,3.244,2.362
031100.cha,zho,TCCM,CHI,3;11.,.,.,.,.,Target_Child,.,.,355,1079,3.039,2.011
