File,Most Common Function Words,Function Word Proportion
010500.ipcore.cex,[],0.0
010600.ipcore.cex,"[('prep', 2)]",0.016666666666666666
010700.ipcore.cex,[],0.0
010800.ipcore.cex,[],0.0
010900.ipcore.cex,"[('prep', 2)]",0.014184397163120567
011000.ipcore.cex,"[('prep', 2), ('conj', 1)]",0.01875
020000.ipcore.cex,"[('prep', 9), ('conj', 1)]",0.05434782608695652
020100.ipcore.cex,"[('prep', 5)]",0.027472527472527472
020200.ipcore.cex,"[('prep', 3)]",0.017543859649122806
020400.ipcore.cex,"[('prep', 4)]",0.020833333333333332
020600.ipcore.cex,"[('prep', 3), ('conj', 2)]",0.029239766081871343
020800.ipcore.cex,"[('prep', 3)]",0.016129032258064516
020900.ipcore.cex,"[('conj', 1)]",0.005434782608695652
