File,Language,Corpus,Code,Age,Sex,Group,Race,SES,Role,Education,Custom_field,#utterances,#morphemes,morphemes/utterances,Standard deviation
010500.cha,zho,TCCM,CHI,1;05.,.,.,.,.,Target_Child,.,.,143,225,1.573,0.684
010600.cha,zho,TCCM,CHI,1;06.,.,.,.,.,Target_Child,.,.,162,202,1.247,0.498
010700.cha,zho,TCCM,CHI,1;07.,.,.,.,.,Target_Child,.,.,151,254,1.682,0.731
010800.cha,zho,TCCM,CHI,1;08.,.,.,.,.,Target_Child,.,.,128,178,1.391,0.576
010900.cha,zho,TCCM,CHI,1;09.,.,.,.,.,Target_Child,.,.,138,252,1.826,0.97
011000.cha,zho,TCCM,CHI,1;10.,.,.,.,.,Target_Child,.,.,131,293,2.237,0.972
020000.cha,zho,TCCM,CHI,2;00.,.,.,.,.,Target_Child,.,.,142,435,3.063,1.671
020100.cha,zho,TCCM,CHI,2;01.,.,.,.,.,Target_Child,.,.,128,398,3.109,1.645
020200.cha,zho,TCCM,CHI,2;02.,.,.,.,.,Target_Child,.,.,137,360,2.628,1.665
020400.cha,zho,TCCM,CHI,2;04.,.,.,.,.,Target_Child,.,.,116,387,3.336,1.691
020600.cha,zho,TCCM,CHI,2;06.,.,.,.,.,Target_Child,.,.,173,511,2.954,1.756
020800.cha,zho,TCCM,CHI,2;08.,.,.,.,.,Target_Child,.,.,154,567,3.682,2.337
020900.cha,zho,TCCM,CHI,2;09.,.,.,.,.,Target_Child,.,.,150,543,3.62,2.349
