Folder,File,IPSyn Score
Emma,020708.cha,33
Emma,020801.cha,46
Emma,020818.cha,47
Emma,020900.cha,49
Emma,020915.cha,46
Emma,021000.cha,56
Emma,021026.cha,51
Emma,021116.cha,53
Emma,030003.cha,55
Emma,030120.cha,57
Emma,030126.cha,48
Emma,030209.cha,52
Emma,030300.cha,54
Emma,030314.cha,51
Emma,030418.cha,49
Emma,030624.cha,54
Emma,030721.cha,56
Emma,030807.cha,42
Emma,030822.cha,56
Emma,030907.cha,48
Emma,030912.cha,56
Emma,040125.cha,56
Emma,040300.cha,54
Emma,040321.cha,62
Emma,040328.cha,58
Emma,040418.cha,64
Emma,040804.cha,53
