Folder,File,IPSyn Score
Emma,020708.cha,77
Emma,020801.cha,83
Emma,020818.cha,80
Emma,020900.cha,79
Emma,020915.cha,80
Emma,021000.cha,91
Emma,021026.cha,89
Emma,021116.cha,88
Emma,030003.cha,86
Emma,030120.cha,83
Emma,030126.cha,86
Emma,030209.cha,85
Emma,030300.cha,80
Emma,030314.cha,85
Emma,030418.cha,88
Emma,030624.cha,90
Emma,030721.cha,89
Emma,030807.cha,90
Emma,030822.cha,90
Emma,030907.cha,89
Emma,030912.cha,88
Emma,040125.cha,83
Emma,040300.cha,85
Emma,040321.cha,92
Emma,040328.cha,90
Emma,040418.cha,93
Emma,040804.cha,89
