File,Language,Corpus,Code,Age,Sex,Group,Race,SES,Role,Education,Custom_field,#utterances,#morphemes,morphemes/utterances,Standard deviation
020708.cha,eng,Weist,CHI,2;07.08,female,.,.,.,Target_Child,.,.,151,481,3.185,2.092
020801.cha,eng,Weist,CHI,2;08.01,female,.,.,.,Target_Child,.,.,141,486,3.447,2.635
020818.cha,eng,Weist,CHI,2;08.18,female,.,.,.,Target_Child,.,.,164,636,3.878,2.869
020900.cha,eng,Weist,CHI,2;09.00,female,.,.,.,Target_Child,.,.,146,668,4.575,2.727
020915.cha,eng,Weist,CHI,2;09.15,female,.,.,.,Target_Child,.,.,118,468,3.966,2.511
021000.cha,eng,Weist,CHI,2;10.00,female,.,.,.,Target_Child,.,.,208,934,4.49,3.008
021026.cha,eng,Weist,CHI,2;10.26,female,.,.,.,Target_Child,.,.,287,1301,4.533,3.158
021116.cha,eng,Weist,CHI,2;11.16,.,.,.,.,Target_Child,.,.,207,956,4.618,3.58
030003.cha,eng,Weist,CHI,3;00.03,female,.,.,.,Target_Child,.,.,225,982,4.364,3.765
030120.cha,eng,Weist,CHI,3;01.20,female,.,.,.,Target_Child,.,.,218,886,4.064,4.181
030126.cha,eng,Weist,CHI,3;01.26,female,.,.,.,Target_Child,.,.,150,569,3.793,3.321
030209.cha,eng,Weist,CHI,3;02.09,female,.,.,.,Target_Child,.,.,249,995,3.996,3.194
030300.cha,eng,Weist,CHI,3;03.00,female,.,.,.,Target_Child,.,.,132,521,3.947,3.081
030314.cha,eng,Weist,CHI,3;03.14,female,.,.,.,Target_Child,.,.,281,902,3.21,2.633
030418.cha,eng,Weist,CHI,3;04.18,female,.,.,.,Target_Child,.,.,197,697,3.538,2.82
030624.cha,eng,Weist,CHI,3;06.24,female,.,.,.,Target_Child,.,.,332,1150,3.464,2.55
030721.cha,eng,Weist,CHI,3;07.21,female,.,.,.,Target_Child,.,.,409,1695,4.144,3.373
030807.cha,eng,Weist,CHI,3;08.07,female,.,.,.,Target_Child,.,.,380,1493,3.929,3.123
030822.cha,eng,Weist,CHI,3;08.22,female,.,.,.,Target_Child,.,.,251,1206,4.805,3.567
030907.cha,eng,Weist,CHI,3;09.07,female,.,.,.,Target_Child,.,.,314,1277,4.067,3.341
030912.cha,eng,Weist,CHI,3;09.12,female,.,.,.,Target_Child,.,.,335,1336,3.988,2.98
040125.cha,eng,Weist,CHI,4;01.25,female,.,.,.,Target_Child,.,.,275,982,3.571,2.662
040300.cha,eng,Weist,CHI,4;03.00,female,.,.,.,Target_Child,.,.,210,812,3.867,2.747
040321.cha,eng,Weist,CHI,4;03.21,female,.,.,.,Target_Child,.,.,259,987,3.811,3.002
040328.cha,eng,Weist,CHI,4;03.28,female,.,.,.,Target_Child,.,.,328,1446,4.409,3.508
040418.cha,eng,Weist,CHI,4;04.18,female,.,.,.,Target_Child,.,.,381,1715,4.501,3.371
040804.cha,eng,Weist,CHI,4;08.04,female,.,.,.,Target_Child,.,.,319,1200,3.762,3.241
