File,Language,Corpus,Code,Age,Sex,Group,Race,SES,Role,Education,Custom_field,#utterances,#morphemes,morphemes/utterances,Standard deviation
010718.cha,zho,Tong,CHI,1;07.18,.,.,.,.,Target_Child,.,.,102,159,1.559,0.914
010822.cha,zho,Tong,CHI,1;08.22,.,.,.,.,Target_Child,.,.,422,936,2.218,1.012
010919.cha,zho,Tong,CHI,1;09.19,.,.,.,.,Target_Child,.,.,408,999,2.449,1.246
011017.cha,zho,Tong,CHI,1;10.17,.,.,.,.,Target_Child,.,.,383,1030,2.689,1.369
011121.cha,zho,Tong,CHI,1;11.21,.,.,.,.,Target_Child,.,.,448,1224,2.732,1.376
020019.cha,zho,Tong,CHI,2;00.19,.,.,.,.,Target_Child,.,.,376,1083,2.88,1.65
020117.cha,zho,Tong,CHI,2;01.17,.,.,.,.,Target_Child,.,.,508,1441,2.837,1.745
020216.cha,zho,Tong,CHI,2;02.16,.,.,.,.,Target_Child,.,.,294,1028,3.497,2
020314.cha,zho,Tong,CHI,2;03.14,.,.,.,.,Target_Child,.,.,426,1503,3.528,2.143
020416.cha,zho,Tong,CHI,2;04.16,.,.,.,.,Target_Child,.,.,490,1875,3.827,2.418
020530.cha,zho,Tong,CHI,2;05.30,.,.,.,.,Target_Child,.,.,395,1191,3.015,2.034
020613.cha,zho,Tong,CHI,2;06.13,.,.,.,.,Target_Child,.,.,401,1420,3.541,2.464
020719.cha,zho,Tong,CHI,2;07.19,.,.,.,.,Target_Child,.,.,465,1414,3.041,1.951
020808.cha,zho,Tong,CHI,2;08.08,.,.,.,.,Target_Child,.,.,445,1491,3.351,2.135
020906.cha,zho,Tong,CHI,2;09.06,.,.,.,.,Target_Child,.,.,304,975,3.207,2.236
021006.cha,zho,Tong,CHI,2;10.06,.,.,.,.,Target_Child,.,.,529,1787,3.378,2.066
021108.cha,zho,Tong,CHI,2;11.08,.,.,.,.,Target_Child,.,.,456,1613,3.537,2.243
030012.cha,zho,Tong,CHI,3;00.12,.,.,.,.,Target_Child,.,.,468,1827,3.904,2.704
030110.cha,zho,Tong,CHI,3;01.10,.,.,.,.,Target_Child,.,.,459,1666,3.63,2.378
030208.cha,zho,Tong,CHI,3;02.08,.,.,.,.,Target_Child,.,.,410,1051,2.563,2.133
030306.cha,zho,Tong,CHI,3;03.06,.,.,.,.,Target_Child,.,.,507,2177,4.294,2.826
030409.cha,zho,Tong,CHI,3;04.09,.,.,.,.,Target_Child,.,.,471,1665,3.535,2.51
