File,Language,Corpus,Code,Age,Sex,Group,Race,SES,Role,Education,Custom_field,#utterances,#morphemes,morphemes/utterances,Standard deviation
01.cha,zho,Erbaugh,CHI,2;10.07,male,.,.,.,Target_Child,.,.,333,889,2.67,1.832
02.cha,zho,Erbaugh,CHI,2;10.29,male,.,.,.,Target_Child,.,.,737,2155,2.924,1.8
03.cha,zho,Erbaugh,CHI,2;11.18,male,.,.,.,Target_Child,.,.,334,1075,3.219,1.847
04.cha,zho,Erbaugh,CHI,3;00.09,male,.,.,.,Target_Child,.,.,555,1595,2.874,1.814
05.cha,zho,Erbaugh,CHI,3;00.22,male,.,.,.,Target_Child,.,.,430,1499,3.486,2.183
06.cha,zho,Erbaugh,CHI,3;01.16,male,.,.,.,Target_Child,.,.,346,1224,3.538,2.068
07.cha,zho,Erbaugh,CHI,3;02.01,male,.,.,.,Target_Child,.,.,467,1774,3.799,2.143
08.cha,zho,Erbaugh,CHI,3;02.13,male,.,.,.,Target_Child,.,.,311,1110,3.569,2.038
09.cha,zho,Erbaugh,CHI,3;02.28,male,.,.,.,Target_Child,.,.,654,2373,3.628,2.351
10.cha,zho,Erbaugh,CHI,3;03.11,male,.,.,.,Target_Child,.,.,524,1718,3.279,2.249
11.cha,zho,Erbaugh,CHI,3;03.24,male,.,.,.,Target_Child,.,.,639,2281,3.57,2.061
12.cha,zho,Erbaugh,CHI,3;04.08,male,.,.,.,Target_Child,.,.,782,2883,3.687,2.421
13.cha,zho,Erbaugh,CHI,3;04.22,male,.,.,.,Target_Child,.,.,653,2228,3.412,2.46
14.cha,zho,Erbaugh,CHI,3;05.06,male,.,.,.,Target_Child,.,.,490,2421,4.941,3.617
15.cha,zho,Erbaugh,CHI,3;05.24,male,.,.,.,Target_Child,.,.,422,1861,4.41,3.67
16.cha,zho,Erbaugh,CHI,3;06.03,male,.,.,.,Target_Child,.,.,314,1446,4.605,3.283
17.cha,zho,Erbaugh,CHI,3;06.23,male,.,.,.,Target_Child,.,.,385,1349,3.504,1.991
18.cha,zho,Erbaugh,CHI,3;07.07,male,.,.,.,Target_Child,.,.,433,1556,3.594,1.958
19.cha,zho,Erbaugh,CHI,3;07.21,male,.,.,.,Target_Child,.,.,485,1650,3.402,2.308
20.cha,zho,Erbaugh,CHI,3;08.12,male,.,.,.,Target_Child,.,.,452,1526,3.376,2.347
21.cha,zho,Erbaugh,CHI,3;08.29,male,.,.,.,Target_Child,.,.,462,1583,3.426,2.036
22.cha,zho,Erbaugh,CHI,3;09.09,male,.,.,.,Target_Child,.,.,466,1768,3.794,2.275
23.cha,zho,Erbaugh,CHI,3;09.23,male,.,.,.,Target_Child,.,.,491,1707,3.477,1.859
