File,Language,Corpus,Code,Age,Sex,Group,Race,SES,Role,Education,Custom_field,#utterances,#morphemes,morphemes/utterances,Standard deviation
010700.cha,zho,TCCM,CHI,1;07.,.,.,.,.,Target_Child,.,.,99,133,1.343,0.475
010900.cha,zho,TCCM,CHI,1;09.,.,.,.,.,Target_Child,.,.,139,156,1.122,0.328
011000.cha,zho,TCCM,CHI,1;10.,.,.,.,.,Target_Child,.,.,149,170,1.141,0.348
020000.cha,zho,TCCM,CHI,2;00.,.,.,.,.,Target_Child,.,.,139,241,1.734,0.845
020100.cha,zho,TCCM,CHI,2;01.,.,.,.,.,Target_Child,.,.,143,236,1.65,0.879
020200.cha,zho,TCCM,CHI,2;02.,.,.,.,.,Target_Child,.,.,155,307,1.981,1.194
020400.cha,zho,TCCM,CHI,2;04.,.,.,.,.,Target_Child,.,.,127,264,2.079,0.901
020600.cha,zho,TCCM,CHI,2;06.,.,.,.,.,Target_Child,.,.,145,402,2.772,1.588
020700.cha,zho,TCCM,CHI,2;07.,.,.,.,.,Target_Child,.,.,120,354,2.95,1.521
020800.cha,zho,TCCM,CHI,2;08.,.,.,.,.,Target_Child,.,.,138,470,3.406,1.796
021000.cha,zho,TCCM,CHI,2;10.,.,.,.,.,Target_Child,.,.,223,757,3.395,2.104
030000.cha,zho,TCCM,CHI,3;00.,.,.,.,.,Target_Child,.,.,157,541,3.446,1.87
030100.cha,zho,TCCM,CHI,3;01.,.,.,.,.,Target_Child,.,.,165,458,2.776,1.631
030200.cha,zho,TCCM,CHI,3;02.,.,.,.,.,Target_Child,.,.,144,469,3.257,1.79
030300.cha,zho,TCCM,CHI,3;03.,.,.,.,.,Target_Child,.,.,140,462,3.3,2.13
030500.cha,zho,TCCM,CHI,3;05.,.,.,.,.,Target_Child,.,.,125,383,3.064,1.599
030700.cha,zho,TCCM,CHI,3;07.,.,.,.,.,Target_Child,.,.,157,369,2.35,1.837
030900.cha,zho,TCCM,CHI,3;09.,.,.,.,.,Target_Child,.,.,153,473,3.092,1.798
