File,Language,Corpus,Code,Age,Sex,Group,Race,SES,Role,Education,Custom_field,#utterances,#morphemes,morphemes/utterances,Standard deviation
020406.cha,eng,Weist,CHI,2;04.06,.,.,.,.,Target_Child,.,.,277,1011,3.65,2.033
020413.cha,eng,Weist,CHI,2;04.13,.,.,.,.,Target_Child,.,.,298,1158,3.886,2.06
020427.cha,eng,Weist,CHI,2;04.27,.,.,.,.,Target_Child,.,.,274,1046,3.818,2.189
020503.cha,eng,Weist,CHI,2;05.03,.,.,.,.,Target_Child,.,.,183,782,4.273,2.589
020510.cha,eng,Weist,CHI,2;05.10,.,.,.,.,Target_Child,.,.,267,1102,4.127,2.484
020804.cha,eng,Weist,CHI,2;08.04,.,.,.,.,Target_Child,.,.,348,1176,3.379,2.338
020816.cha,eng,Weist,CHI,2;08.16,.,.,.,.,Target_Child,.,.,305,1114,3.652,2.408
021008.cha,eng,Weist,CHI,2;10.08,.,.,.,.,Target_Child,.,.,320,1286,4.019,2.727
021022.cha,eng,Weist,CHI,2;10.22,.,.,.,.,Target_Child,.,.,323,1243,3.848,2.573
030221.cha,eng,Weist,CHI,3;02.21,.,.,.,.,Target_Child,.,.,223,1055,4.731,3.657
030321.cha,eng,Weist,CHI,3;03.21,.,.,.,.,Target_Child,.,.,235,1201,5.111,4.028
