File,Language,Corpus,Code,Age,Sex,Group,Race,SES,Role,Education,Custom_field,#utterances,#morphemes,morphemes/utterances,Standard deviation
010700.cha,zho,TCCM,CHI,1;07.,.,.,.,.,Target_Child,.,.,134,242,1.806,0.91
010800.cha,zho,TCCM,CHI,1;08.,.,.,.,.,Target_Child,.,.,144,244,1.694,0.86
010900.cha,zho,TCCM,CHI,1;09.,.,.,.,.,Target_Child,.,.,184,450,2.446,1.314
011000.cha,zho,TCCM,CHI,1;10.,.,.,.,.,Target_Child,.,.,207,447,2.159,1.15
020000.cha,zho,TCCM,CHI,2;00.,.,.,.,.,Target_Child,.,.,317,820,2.587,1.712
020100.cha,zho,TCCM,CHI,2;01.,.,.,.,.,Target_Child,.,.,225,607,2.698,1.502
020200.cha,zho,TCCM,CHI,2;02.,.,.,.,.,Target_Child,.,.,235,545,2.319,1.413
020400.cha,zho,TCCM,CHI,2;04.,.,.,.,.,Target_Child,.,.,319,941,2.95,1.71
020500.cha,zho,TCCM,CHI,2;05.,.,.,.,.,Target_Child,.,.,264,705,2.67,1.619
020600.cha,zho,TCCM,CHI,2;06.,.,.,.,.,Target_Child,.,.,337,1060,3.145,1.989
020700.cha,zho,TCCM,CHI,2;07.,.,.,.,.,Target_Child,.,.,213,555,2.606,1.582
021000.cha,zho,TCCM,CHI,2;10.,.,.,.,.,Target_Child,.,.,190,643,3.384,2.03
